Datum,Jahreszeit,Wochentag,Lufttemperatur [°C],Relative Luftfeuchte [%],NOX (Stickstoffoxide) [ppb],CO (Kohlenmonoxid) [mg/m³],PM10 (Feinstaub) [µg/m³]
2020-08-02,Sommer,Sonntag,25.941177,60.277832,5.5501366,0.14200431,19.588058
2020-08-03,Sommer,Montag ,23.34672,68.68603,5.7656674,0.12230882,15.092746
2020-08-04,Sommer,Dienstag,20.578306,84.62565,8.646341,0.12540951,10.617341
2020-08-05,Sommer,Mittwoch,19.433783,70.80118,8.235482,0.11337057,4.0554147
2020-08-06,Sommer,Donnerstag,18.696259,56.378708,9.743181,0.13822865,5.8272533
2020-08-07,Sommer,Freitag,22.334932,63.012253,10.2835655,0.16685611,12.644565
2020-08-08,Sommer,Samstag,25.043905,57.961105,10.215725,0.16408537,20.56393
2020-08-09,Sommer,Sonntag,26.189787,52.902935,8.90273,0.1960006,24.532738
2020-08-10,Sommer,Montag,26.041689,59.49439,8.87637,0.20172283,23.491632
2020-08-11,Sommer,Dienstag,26.105347,59.650208,12.661162,0.19633052,24.740149
2020-08-12,Sommer,Mittwoch,23.761482,67.2886,12.824081,0.16110717,19.895504
2020-08-13,Sommer,Donnerstag,24.035837,66.98828,9.495486,0.16298974,14.625591
2020-08-14,Sommer,Freitag,22.931753,77.19411,11.897012,0.15038113,18.315315
2020-08-15,Sommer,Samstag,22.148201,74.20905,13.602144,0.17501846,10.868931
2020-08-16,Sommer,Sonntag,22.17951,74.33652,5.9087305,0.15354003,6.9122486
2020-08-17,Sommer,Montag,21.706589,81.371735,4.366761,0.11943702,7.579345
2020-08-18,Sommer,Dienstag,21.045094,82.83766,12.457149,0.13935247,11.239476
2020-08-19,Sommer,Mittwoch,19.88817,78.542564,14.726318,0.18204325,8.646115
2020-08-20,Sommer,Donnerstag,21.01047,60.539494,17.524765,0.1831863,13.032183
2020-08-21,Sommer,Freitag,22.284773,61.044147,11.726352,0.19064265,14.914107
2020-08-22,Sommer,Samstag,24.455206,67.213524,11.920316,0.15698162,16.855293
2020-08-23,Sommer,Sonntag,24.831896,73.13314,7.8013124,0.15842864,17.187952
2020-08-24,Sommer,Montag,22.432047,70.461845,5.1155915,0.11614946,6.042042
2020-08-25,Sommer,Dienstag,19.640158,73.668045,12.947376,0.13706566,13.08117
2020-08-26,Sommer,Mittwoch,20.621748,60.36598,11.199963,0.1602301,11.762183
2020-08-27,Sommer,Donnerstag,22.189842,64.40788,17.585228,0.16024311,19.351507
2020-08-28,Sommer,Freitag,23.247602,54.326756,12.1585045,0.13172078,16.1971
2020-08-29,Sommer,Samstag,22.149607,67.86184,11.476118,0.14202285,21.70958
2020-08-30,Sommer,Sonntag,23.298819,72.697426,7.3195195,0.1355267,15.735821
2020-08-31,Sommer,Montag,20.724403,83.9085,7.03107,0.114714995,9.896746
2020-09-01,Sommer,Dienstag,17.260683,75.511116,11.116765,0.13464198,8.431148
2020-09-02,Sommer,Mittwoch,16.570223,67.49404,12.719396,0.15512376,9.309844
2020-09-03,Sommer,Donnerstag,14.838882,75.625,16.680334,0.15632726,13.759387
2020-09-04,Sommer,Freitag,17.303764,70.3758,11.617727,0.1490578,11.674572
2020-09-05,Sommer,Samstag,19.121647,63.833893,16.361897,0.1839018,16.691923
2020-09-06,Sommer,Sonntag,21.013493,69.81045,13.094113,0.17325535,16.661488
2020-09-07,Sommer,Montag,19.452848,80.37922,8.914793,0.14606793,12.4034
2020-09-08,Sommer,Dienstag,17.82918,75.2147,9.898872,0.12760903,9.5268135
2020-09-09,Sommer,Mittwoch,18.56467,67.93503,11.30503,0.14275418,18.491652
2020-09-10,Sommer,Donnerstag,19.341623,70.64274,18.952988,0.17328079,24.196037
2020-09-11,Sommer,Freitag,21.141056,65.773735,18.982258,0.17843673,24.25038
2020-09-12,Sommer,Samstag,20.679157,69.265564,13.751443,0.15733291,22.423601
2020-09-13,Sommer,Sonntag,21.321798,66.05659,11.050425,0.15273172,26.267988
2020-09-14,Sommer,Montag,22.506739,67.83463,9.247942,0.17424354,23.365282
2020-09-15,Sommer,Dienstag,22.108727,67.50448,14.838423,0.17684823,22.205795
2020-09-16,Sommer,Mittwoch,22.312208,65.0787,15.683845,0.17095278,28.151802
2020-09-17,Sommer,Donnerstag,21.978844,68.78935,19.28201,0.1992085,36.37661
2020-09-18,Sommer,Freitag,21.30423,71.704414,16.37928,0.1904193,27.733862
2020-09-19,Sommer,Samstag,16.609127,68.161125,7.998824,0.124887824,16.79932
2020-09-20,Sommer,Sonntag,15.755595,70.26581,11.662731,0.1496847,20.056313
2020-09-21,Sommer,Montag,15.9246855,67.89049,10.172661,0.13428937,16.940222
2020-09-22,Herbst,Dienstag,17.832798,70.8327,17.817104,0.16963175,26.558077
2020-09-23,Herbst,Mittwoch,19.537222,73.87273,15.042656,0.19631469,35.316906
2020-09-24,Herbst,Donnerstag,17.809114,81.918465,15.218743,0.20288226,23.67907
2020-09-25,Herbst,Freitag,18.30972,75.608505,20.279123,0.199704,16.621977
2020-09-26,Herbst,Samstag,14.706355,90.5918,12.130773,0.15308575,7.113346
2020-09-27,Herbst,Sonntag,10.118714,70.24589,9.300111,0.13614668,3.5271015
2020-09-28,Herbst,Montag,10.81374,68.96947,7.9927516,0.14171217,4.84199
2020-09-29,Herbst,Dienstag,10.733056,89.27625,16.771328,0.21016482,8.205273
2020-09-30,Herbst,Mittwoch,13.149974,69.41326,23.804573,0.23777917,16.526777
2020-10-01,Herbst,Donnerstag,14.602622,63.28058,21.15985,0.2080058,13.300811
2020-10-02,Herbst,Freitag,14.032779,70.755066,30.127525,0.27410027,18.73625
2020-10-03,Herbst,Samstag,13.722884,82.96347,36.13398,0.3636129,23.378082
2020-10-04,Herbst,Sonntag,16.31881,84.11821,14.912785,0.21738811,14.805268
2020-10-05,Herbst,Montag,15.927631,68.87696,5.6035886,0.12771143,5.409743
2020-10-06,Herbst,Dienstag,13.225445,80.678734,24.483522,0.20208561,15.238563
2020-10-07,Herbst,Mittwoch,14.360269,69.32212,19.56103,0.2717956,15.269017
2020-10-08,Herbst,Donnerstag,12.865643,75.66757,22.836914,0.22100581,15.442337
2020-10-09,Herbst,Freitag,12.8243475,67.440315,24.54548,0.21711396,
2020-10-10,Herbst,Samstag,13.680671,71.95195,39.753098,0.28691518,24.359499
2020-10-11,Herbst,Sonntag,14.153256,75.00481,17.536951,0.23763417,15.667808
2020-10-12,Herbst,Montag,8.667417,87.4993,7.9327946,0.17483155,4.898319
2020-10-13,Herbst,Dienstag,9.352895,60.30716,11.074255,0.18233196,8.261355
2020-10-14,Herbst,Mittwoch,9.691218,56.7936,13.842417,0.1902578,8.344638
2020-10-15,Herbst,Donnerstag,10.081955,62.415024,20.2097,0.22882977,12.445132
2020-10-16,Herbst,Freitag,7.6405463,84.27607,26.359564,0.3539947,14.929099
2020-10-17,Herbst,Samstag,8.369078,87.8879,20.078842,0.32907113,10.444631
2020-10-18,Herbst,Sonntag,9.392499,74.55778,16.756535,0.28791872,12.677274
2020-10-19,Herbst,Montag,9.015532,75.226494,12.4250345,0.2421775,13.498319
2020-10-20,Herbst,Dienstag,9.794434,80.16853,23.221567,0.32355165,20.79803
2020-10-21,Herbst,Mittwoch,8.705224,82.421326,32.636127,0.37016463,29.803457
2020-10-22,Herbst,Donnerstag,10.715778,77.850716,57.18016,0.4865513,35.792477
2020-10-23,Herbst,Freitag,12.220539,78.17768,29.506384,0.3942322,29.003698
2020-10-24,Herbst,Samstag,11.349677,85.26875,55.565327,0.5403309,37.86247
2020-10-25,Herbst,Sonntag,12.309783,88.84359,34.198265,0.540428,28.708277
2020-10-26,Herbst,Montag,13.615054,78.96107,13.567796,0.30932152,15.57014
2020-10-27,Herbst,Dienstag,13.372169,77.266914,10.839326,0.23085685,17.460907
2020-10-28,Herbst,Mittwoch,11.308518,88.550354,13.80026,0.23909208,12.391307
2020-10-29,Herbst,Donnerstag,11.1784315,80.23242,22.95847,0.3959953,17.85975
2020-10-30,Herbst,Freitag,10.739967,76.58729,38.665905,0.43648306,25.541925
2020-10-31,Herbst,Samstag,11.280379,74.34861,32.931053,0.30713728,21.360586
2020-11-01,Herbst,Sonntag,12.695802,75.26226,39.48651,0.4376206,27.66955
2020-11-02,Herbst,Montag,11.399465,81.34304,20.311773,0.40399674,22.80931
2020-11-03,Herbst,Dienstag,13.82157,76.0631,55.057804,0.5370434,38.699615
2020-11-04,Herbst,Mittwoch,16.091219,77.92281,69.784706,0.6048871,41.880898
2020-11-05,Herbst,Donnerstag,12.671925,87.081215,18.383034,0.28442436,13.144848
2020-11-06,Herbst,Freitag,11.021625,79.274124,17.556082,0.26176697,21.927795
2020-11-07,Herbst,Samstag,8.083785,65.593376,29.09964,0.30670062,24.442556
2020-11-08,Herbst,Sonntag,7.260481,74.29113,27.438944,0.41452834,24.025114
2020-11-09,Herbst,Montag,6.8456116,80.73276,26.137615,0.48653683,26.57441
2020-11-10,Herbst,Dienstag,4.604222,94.27993,30.023277,0.4494512,31.107222
2020-11-11,Herbst,Mittwoch,4.647081,92.13329,19.678415,0.37419298,17.862041
2020-11-12,Herbst,Donnerstag,5.2320266,79.69844,13.926594,0.27377093,17.606113
2020-11-13,Herbst,Freitag,5.1281037,77.16562,15.303472,0.28416237,22.276848
2020-11-14,Herbst,Samstag,4.078734,89.41248,27.806736,0.47045484,25.894545
2020-11-15,Herbst,Sonntag,5.405376,85.32383,36.664074,0.67534024,24.940023
2020-11-16,Herbst,Montag,4.9306293,88.83222,14.947342,0.5054966,18.559671
2020-11-17,Herbst,Dienstag,5.1695204,92.74265,69.183784,0.618703,23.444658
2020-11-18,Herbst,Mittwoch,6.2263484,90.25989,46.406612,0.46783864,25.940323
2020-11-19,Herbst,Donnerstag,5.6327043,84.433586,59.26975,0.5613075,30.404036
2020-11-20,Herbst,Freitag,2.7482977,95.75707,44.3429,0.5109659,25.265158
2020-11-21,Herbst,Samstag,5.648496,70.99324,20.465094,0.28883097,13.117181
2020-11-22,Herbst,Sonntag,2.3040361,70.668724,16.963148,0.26468703,13.647925
2020-11-23,Herbst,Montag,0.9645996,70.620766,28.506659,0.5138357,25.528265
2020-11-24,Herbst,Dienstag,2.1910956,75.35213,82.9958,0.78323025,55.282948
2020-11-25,Herbst,Mittwoch,2.9916818,78.96238,40.2977,0.43836427,30.72927
2020-11-26,Herbst,Donnerstag,-1.1244448,95.92001,38.734085,0.54391426,31.481476
2020-11-27,Herbst,Freitag,-0.8631509,92.16543,32.516785,0.5145362,29.99819
2020-11-28,Herbst,Samstag,-0.92810273,91.85916,45.6113,0.7041321,38.911858
2020-11-29,Herbst,Sonntag,-0.54358727,90.897644,38.300255,0.7338836,36.37351
2020-11-30,Herbst,Montag,1.9282962,78.124565,24.51664,0.50850284,25.384384
2020-12-01,Herbst,Dienstag,1.1378596,74.0291,37.943443,0.44224018,28.879187
2020-12-02,Herbst,Mittwoch,-0.83824044,81.570915,39.60665,0.45795584,34.298946
2020-12-03,Herbst,Donnerstag,-0.5432047,77.677345,14.186537,0.30146515,29.156908
2020-12-04,Herbst,Freitag,-0.8008898,88.68423,25.40151,0.4468972,28.157125
2020-12-05,Herbst,Samstag,-0.13556628,89.83649,30.045044,0.5350335,39.37447
2020-12-06,Herbst,Sonntag,1.3514776,95.21061,29.402796,0.68256,54.6407
2020-12-07,Herbst,Montag,3.6412714,93.200836,39.74469,0.75260204,40.58389
2020-12-08,Herbst,Dienstag,5.7360044,92.91263,22.075827,0.3474689,17.705893
2020-12-09,Herbst,Mittwoch,3.185625,92.63935,12.710417,0.28381243,15.200147
2020-12-10,Herbst,Donnerstag,1.4599711,96.06827,48.77252,0.378223,10.230111
2020-12-11,Herbst,Freitag,2.093319,95.78298,55.996613,0.49212983,14.799996
2020-12-12,Herbst,Samstag,2.100187,93.20337,24.35226,0.46966702,20.665499
2020-12-13,Herbst,Sonntag,2.625283,90.478645,17.153927,0.4457814,24.29689
2020-12-14,Herbst,Montag,1.8385482,91.30545,22.927973,0.59099436,26.452873
2020-12-15,Herbst,Dienstag,1.1242241,96.23386,44.296684,0.6238978,21.215433
2020-12-16,Herbst,Mittwoch,0.6927874,93.34378,26.20253,0.4165987,16.789797
2020-12-17,Herbst,Donnerstag,1.7738994,89.9356,23.129839,0.39752904,23.99792
2020-12-18,Herbst,Freitag,1.9672661,93.09379,33.112507,0.45604017,20.40698
2020-12-19,Herbst,Samstag,1.9377975,94.95566,38.77302,0.46924078,18.932957
2020-12-20,Herbst,Sonntag,1.9144341,92.527466,26.035309,0.4496507,11.829488
2020-12-21,Winter,Montag,1.7985262,84.09853,15.159873,0.42991337,13.327797
2020-12-22,Winter,Dienstag,1.7485782,84.44479,28.175314,0.5533303,23.739332
2020-12-23,Winter,Mittwoch,2.7694006,91.43615,54.137463,0.7290091,27.285643
2020-12-24,Winter,Donnerstag,5.979676,82.71946,86.35112,0.92247844,35.572464
2020-12-25,Winter,Freitag,6.422859,84.771515,42.834274,0.5678341,18.647142
2020-12-26,Winter,Samstag,4.792602,90.98296,10.194001,0.23826995,9.160016
2020-12-27,Winter,Sonntag,1.8475462,73.011665,12.182096,0.2625026,11.950864
2020-12-28,Winter,Montag,-1.9750024,75.24321,12.879704,0.24338856,15.540436
2020-12-29,Winter,Dienstag,-0.07397904,88.194756,17.786755,0.32793778,18.417297
2020-12-30,Winter,Mittwoch,1.6509382,91.122444,39.099697,0.4201702,19.13646
2020-12-31,Winter,Donnerstag,3.6979454,89.07126,42.537323,0.47884244,20.556547
2021-01-01,Winter,Freitag,3.1711056,83.88614,23.554293,0.39922735,15.5301285
2021-01-02,Winter,Samstag,0.5799312,82.490814,28.898184,0.5474119,43.575287
2021-01-03,Winter,Sonntag,2.851964,90.05875,36.17498,0.469105,21.352663
2021-01-04,Winter,Montag,3.7441561,93.99466,12.142029,0.38327307,20.046806
2021-01-05,Winter,Dienstag,3.6025212,92.87616,25.612627,0.37353334,16.76479
2021-01-06,Winter,Mittwoch,3.2109556,89.203156,17.839846,0.34057683,15.096498
2021-01-07,Winter,Donnerstag,1.6137282,90.98777,11.469972,0.3036716,10.868844
2021-01-08,Winter,Freitag,-0.68003243,94.50205,34.879173,0.5245679,22.050476
2021-01-09,Winter,Samstag,0.64943355,83.11819,29.733334,0.52809966,23.823647
2021-01-10,Winter,Sonntag,-0.9520576,81.391815,37.898518,0.5616292,25.06984
2021-01-11,Winter,Montag,-0.5625351,88.097176,20.11284,0.4526606,23.22539
2021-01-12,Winter,Dienstag,-1.7980136,75.41303,36.48989,0.43449667,21.336233
2021-01-13,Winter,Mittwoch,-3.958205,83.62162,67.61066,0.7200871,42.60784
2021-01-14,Winter,Donnerstag,-0.066246115,67.149055,55.798946,0.5626454,41.4839
2021-01-15,Winter,Freitag,0.2115687,65.90957,20.415014,0.27518904,21.44107
2021-01-16,Winter,Samstag,-1.0812246,67.88154,34.357224,0.39942312,32.707836
2021-01-17,Winter,Sonntag,-1.1828202,71.93501,18.544664,0.3845171,23.12361
2021-01-18,Winter,Montag,-2.731015,82.43415,8.52987,0.32949752,26.84427
2021-01-19,Winter,Dienstag,-2.097088,83.186554,41.474754,0.53886634,48.42458
2021-01-20,Winter,Mittwoch,-0.690629,77.83228,78.710884,0.6843332,53.01323
2021-01-21,Winter,Donnerstag,3.1805422,68.340675,61.971302,0.667069,42.75256
2021-01-22,Winter,Freitag,6.776259,66.11672,31.290867,0.38297004,24.928123
2021-01-23,Winter,Samstag,6.8198643,81.444176,38.144176,0.38584593,17.98112
2021-01-24,Winter,Sonntag,5.506923,90.62897,17.845657,0.307212,10.286081
2021-01-25,Winter,Montag,2.4450817,91.29818,12.2952385,0.28307363,10.201297
2021-01-26,Winter,Dienstag,0.69189095,80.900696,32.434704,0.39428023,23.38323
2021-01-27,Winter,Mittwoch,0.6540379,72.74622,40.075653,0.5079711,24.154112
2021-01-28,Winter,Donnerstag,0.76030374,68.41559,46.229465,0.4452503,
2021-01-29,Winter,Freitag,1.1712127,72.65574,44.20829,0.503757,34.418568
2021-01-30,Winter,Samstag,2.645345,88.209564,83.72454,0.6562933,31.195997
2021-01-31,Winter,Sonntag,4.937986,75.03808,32.120525,0.36720964,37.430668
2021-02-01,Winter,Montag,0.5478696,81.29066,7.4694214,0.23368673,11.703015
2021-02-02,Winter,Dienstag,0.1088623,84.69538,33.501007,0.43716663,30.528273
2021-02-03,Winter,Mittwoch,1.8638242,83.69143,47.890297,0.6518389,53.25526
2021-02-04,Winter,Donnerstag,5.2905626,75.758,56.290108,0.69791996,52.97749
2021-02-05,Winter,Freitag,9.150832,64.03004,43.75342,0.42205966,29.506104
2021-02-06,Winter,Samstag,7.392065,71.91609,36.595795,0.33554202,33.802475
2021-02-07,Winter,Sonntag,5.822575,84.41474,19.981283,0.3483763,25.627325
2021-02-08,Winter,Montag,6.6955667,87.82227,16.256264,0.35459012,29.379545
2021-02-09,Winter,Dienstag,4.310856,94.191185,16.607225,0.40510076,12.154563
2021-02-10,Winter,Mittwoch,2.1085436,93.435524,20.067188,0.40138757,14.125999
2021-02-11,Winter,Donnerstag,2.4014387,90.370514,20.4012,0.36018708,20.329754
2021-02-12,Winter,Freitag,-0.57550377,58.156418,11.5328865,0.31113327,23.692
2021-02-13,Winter,Samstag,-4.2327466,54.34296,12.170284,0.24732162,16.652979
2021-02-14,Winter,Sonntag,-3.5803967,50.190582,8.023008,0.21076907,11.359073
2021-02-15,Winter,Montag,-0.27197897,43.542393,7.232289,0.21441194,9.079735
2021-02-16,Winter,Dienstag,-1.0345247,46.285046,33.57302,0.42493424,25.842936
2021-02-17,Winter,Mittwoch,2.9119165,48.884346,40.900604,0.4984804,41.153427
2021-02-18,Winter,Donnerstag,6.0076065,59.175858,46.996586,0.55008733,45.822437
2021-02-19,Winter,Freitag,6.679567,63.747272,28.056906,0.3343907,23.767693
2021-02-20,Winter,Samstag,7.6963286,65.13823,35.40806,0.43424094,32.526127
2021-02-21,Winter,Sonntag,7.613146,74.93549,17.379429,0.3823762,33.120296
2021-02-22,Winter,Montag,6.062595,86.84213,13.263659,0.43406457,56.247753
2021-02-23,Winter,Dienstag,6.9317403,72.58215,57.52778,0.51554877,49.514755
2021-02-24,Winter,Mittwoch,10.081115,60.674774,74.424324,0.59545815,66.89626
2021-02-25,Winter,Donnerstag,11.828166,54.582783,67.426796,0.5029728,82.54853
2021-02-26,Winter,Freitag,11.379128,60.57655,46.416733,0.4117768,70.55758
2021-02-27,Winter,Samstag,11.768018,58.716633,54.582203,0.46651077,74.825966
2021-02-28,Winter,Sonntag,8.966521,57.90739,13.769152,0.25001356,24.31987
2021-03-01,Winter,Montag,5.4407916,60.57935,11.815032,0.23751664,13.82046
2021-03-02,Winter,Dienstag,6.7784753,62.37503,25.60303,0.3407432,26.66555
2021-03-03,Winter,Mittwoch,7.08964,67.25658,28.300564,0.32183892,32.54655
2021-03-04,Winter,Donnerstag,8.377523,61.734577,39.70206,0.41149372,37.73969
2021-03-05,Winter,Freitag,10.016023,58.194447,48.338497,0.5180745,42.68867
2021-03-06,Winter,Samstag,7.770277,63.066257,28.006649,0.32301763,24.671255
2021-03-07,Winter,Sonntag,2.6630862,53.864582,9.190754,0.22171645,12.095174
2021-03-08,Winter,Montag,2.9354122,56.164474,14.767976,0.28442147,17.966064
2021-03-09,Winter,Dienstag,5.672216,63.188248,24.087215,0.31015667,28.603842
2021-03-10,Winter,Mittwoch,3.499386,64.33767,10.166075,0.23238616,19.643324
2021-03-11,Winter,Donnerstag,3.902293,70.444405,13.7843275,0.28168434,27.262457
2021-03-12,Winter,Freitag,3.4616253,80.54798,36.080833,0.41387123,42.361187
2021-03-13,Winter,Samstag,8.436673,69.57873,21.93408,0.29831076,20.17705
2021-03-14,Winter,Sonntag,7.935081,70.23084,14.964331,0.2850257,14.727989
2021-03-15,Winter,Montag,5.685997,75.9264,9.1633415,0.21710563,8.991487
2021-03-16,Winter,Dienstag,6.7813325,50.072903,19.509125,0.2452143,13.287186
2021-03-17,Winter,Mittwoch,5.4457493,59.6557,15.1983595,0.25930974,11.187733
2021-03-18,Winter,Donnerstag,4.4319897,61.395767,13.886057,0.2568896,10.073345
2021-03-19,Winter,Freitag,3.4802237,58.089954,12.908163,0.23044445,12.49076
2021-03-20,Frühling,Samstag,2.9159348,64.34693,18.171043,0.29549268,14.665341
2021-03-21,Frühling,Sonntag,0.047217175,90.75076,10.684917,0.24400519,10.973607
2021-03-22,Frühling,Montag,-0.7469015,79.02125,11.551559,0.27925673,15.590272
2021-03-23,Frühling,Dienstag,4.097584,65.22441,12.2270775,0.24957973,15.55352
2021-03-24,Frühling,Mittwoch,5.0194273,66.47895,18.657879,0.2504196,18.17649
2021-03-25,Frühling,Donnerstag,7.881351,60.5856,15.576121,0.23768431,16.119953
2021-03-26,Frühling,Freitag,8.314063,63.31529,19.62715,0.27538833,30.780533
2021-03-27,Frühling,Samstag,11.598572,54.83317,33.87712,0.32435396,32.081306
2021-03-28,Frühling,Sonntag,12.193649,59.292904,14.399566,0.26392058,21.073263
2021-03-29,Frühling,Montag,8.747323,79.17342,8.808626,0.21435288,11.461844
2021-03-30,Frühling,Dienstag,12.528609,56.855137,25.713934,0.33161026,25.234941
2021-03-31,Frühling,Mittwoch,16.381025,47.99199,22.095545,0.28771174,25.980799
2021-04-01,Frühling,Donnerstag,16.95827,49.693142,18.211702,0.32316148,26.333515
2021-04-02,Frühling,Freitag,18.235285,49.04309,28.651808,0.28900957,32.973793
2021-04-03,Frühling,Samstag,15.42783,60.890408,12.207623,0.20382476,30.612034
2021-04-04,Frühling,Sonntag,8.944596,65.92983,7.0425816,0.1901135,12.21119
2021-04-05,Frühling,Montag,6.8563304,57.74142,6.05445,0.18987493,9.01303
2021-04-06,Frühling,Dienstag,8.962916,55.830048,10.371549,0.24652775,13.275602
2021-04-07,Frühling,Mittwoch,3.9186726,64.40452,10.66948,0.20578709,10.665163
2021-04-08,Frühling,Donnerstag,2.6807356,60.485256,20.234228,0.24400182,14.569678
2021-04-09,Frühling,Freitag,4.2894654,55.72006,22.558788,0.25813305,15.635834
2021-04-10,Frühling,Samstag,7.999067,53.362026,14.302174,0.23237039,18.216118
2021-04-11,Frühling,Sonntag,12.317386,51.94969,11.39246,0.25506958,19.260492
2021-04-12,Frühling,Montag,11.583802,64.57667,7.781665,0.20003392,12.253615
2021-04-13,Frühling,Dienstag,9.8656645,80.31728,13.840203,0.20552658,12.097856
2021-04-14,Frühling,Mittwoch,4.7012897,70.79041,9.170241,0.18127689,7.693634
2021-04-15,Frühling,Donnerstag,6.4177413,52.06845,8.259568,0.18175113,9.08543
2021-04-16,Frühling,Freitag,5.2497826,55.612072,13.521401,0.23967963,12.433029
2021-04-17,Frühling,Samstag,6.293243,56.12064,14.249834,0.21851611,13.0702715
2021-04-18,Frühling,Sonntag,7.3934083,61.70403,10.860592,0.2518224,13.293439
2021-04-19,Frühling,Montag,7.9370937,70.87141,7.732268,0.21871193,15.412388
2021-04-20,Frühling,Dienstag,9.114381,76.47927,14.915826,0.2900254,13.635087
2021-04-21,Frühling,Mittwoch,10.299973,69.0106,19.843447,0.30172494,18.472862
2021-04-22,Frühling,Donnerstag,11.39185,60.947735,23.924746,0.30371886,22.278831
2021-04-23,Frühling,Freitag,12.325485,64.54658,16.740234,0.24276435,16.858358
2021-04-24,Frühling,Samstag,11.576528,58.419205,12.2303,0.21143292,20.226507
2021-04-25,Frühling,Sonntag,11.879078,52.52968,9.00624,0.1884645,18.335918
2021-04-26,Frühling,Montag,12.994163,52.69379,8.132128,0.210046,18.787313
2021-04-27,Frühling,Dienstag,6.6374545,71.222496,12.818503,0.20317453,20.543879
2021-04-28,Frühling,Mittwoch,5.78911,89.17627,20.1615,0.26471096,30.002455
2021-04-29,Frühling,Donnerstag,9.726095,80.76105,13.866624,0.2665834,26.251844
2021-04-30,Frühling,Freitag,15.308906,63.083645,11.611907,0.22424866,19.398218
2021-05-01,Frühling,Samstag,14.613896,76.14199,12.926251,0.19657792,13.083125
2021-05-02,Frühling,Sonntag,18.25202,64.046616,7.9186063,0.14921807,12.860054
2021-05-03,Frühling,Montag,14.116252,60.437466,6.4708323,0.17376748,8.428567
2021-05-04,Frühling,Dienstag,11.664334,53.832916,9.170075,0.18673034,10.30018
2021-05-05,Frühling,Mittwoch,13.401708,54.94928,11.120778,0.2064195,13.841572
2021-05-06,Frühling,Donnerstag,14.013206,56.593933,12.982154,0.19231291,15.049146
2021-05-07,Frühling,Freitag,9.345765,72.98965,6.897842,0.15910289,7.9427986
2021-05-08,Frühling,Samstag,9.0193205,84.08926,19.183336,0.2138683,10.918288
2021-05-09,Frühling,Sonntag,10.627232,59.965626,8.681364,0.18481186,9.770278
2021-05-10,Frühling,Montag,15.664951,55.884216,6.7536993,0.17028816,10.543933
2021-05-11,Frühling,Dienstag,20.191942,52.93626,10.886036,0.16775452,
2021-05-12,Frühling,Mittwoch,21.628403,51.308315,11.001714,0.15204649,18.672022
2021-05-13,Frühling,Donnerstag,15.186317,80.55281,11.412031,0.16908798,9.697055
2021-05-14,Frühling,Freitag,14.156956,65.24521,6.983192,0.15195304,3.93527
2021-05-15,Frühling,Samstag,15.158694,57.943027,8.318014,0.14464094,5.0208697
2021-05-16,Frühling,Sonntag,14.3926935,75.86296,6.896064,0.19087785,6.110455
2021-05-17,Frühling,Montag,14.807099,73.934555,5.8595333,0.14863588,4.5909467
2021-05-18,Frühling,Dienstag,13.361568,72.63015,10.033161,0.17809919,4.865473
2021-05-19,Frühling,Mittwoch,14.435086,59.98729,11.734234,0.1503907,7.7115097
2021-05-20,Frühling,Donnerstag,11.655956,74.17219,10.184968,0.1694557,5.3565297
2021-05-21,Frühling,Freitag,14.176301,51.777752,9.91535,0.17039266,8.568831
2021-05-22,Frühling,Samstag,15.5733795,51.186157,11.86806,0.20473342,10.847175
2021-05-23,Frühling,Sonntag,13.780244,68.51691,10.840663,0.19475302,8.598865
2021-05-24,Frühling,Montag,12.507922,80.23212,7.928404,0.17035963,7.2879753
2021-05-25,Frühling,Dienstag,10.023918,86.98707,9.143593,0.19263941,7.696607
2021-05-26,Frühling,Mittwoch,9.507755,89.471344,17.098537,0.20820382,7.037988
2021-05-27,Frühling,Donnerstag,12.373002,64.15699,17.852867,0.20256609,12.523467
2021-05-28,Frühling,Freitag,13.664961,73.272,14.687297,0.16784744,10.786706
2021-05-29,Frühling,Samstag,14.448585,60.2686,15.721989,0.20320219,10.507039
2021-05-30,Frühling,Sonntag,13.82293,70.02021,7.687489,0.16170804,9.937832
2021-05-31,Frühling,Montag,14.099904,54.07111,6.3584948,0.16156733,7.3081627
2021-06-01,Frühling,Dienstag,14.918697,50.248432,10.148376,0.1685989,9.7773905
2021-06-02,Frühling,Mittwoch,16.202265,50.632137,12.025527,0.18564364,14.626594
2021-06-03,Frühling,Donnerstag,17.42408,54.940372,12.4660225,0.17789976,19.118074
2021-06-04,Frühling,Freitag,19.176054,63.89134,9.0364895,0.16063249,19.060972
2021-06-05,Frühling,Samstag,21.610304,59.386723,8.70137,0.15739305,20.021421
2021-06-06,Frühling,Sonntag,21.396399,67.5842,7.9957795,0.16797544,16.614147
2021-06-07,Frühling,Montag,18.82581,79.15711,6.2028956,0.17890614,6.737971
2021-06-08,Frühling,Dienstag,20.074377,68.92283,12.853576,0.20494103,14.965266
2021-06-09,Frühling,Mittwoch,22.899977,51.857483,11.0172825,0.1809861,19.477882
2021-06-10,Frühling,Donnerstag,21.686506,61.06578,13.590839,0.19313973,20.671795
2021-06-11,Frühling,Freitag,19.807764,72.964806,13.624419,0.2013905,16.092394
2021-06-12,Frühling,Samstag,20.216671,66.5622,9.401177,0.17937845,10.560622
2021-06-13,Frühling,Sonntag,22.548521,61.696167,10.356318,0.17969155,13.419879
2021-06-14,Frühling,Montag,21.137524,56.68343,4.7370386,0.121456265,10.011128
2021-06-15,Frühling,Dienstag,17.92779,55.851505,7.2083635,0.11559079,13.597434
2021-06-16,Frühling,Mittwoch,20.806158,54.37114,11.519872,0.14418538,18.688791
2021-06-17,Frühling,Donnerstag,24.041437,51.144077,13.342612,0.14570381,18.274168
2021-06-18,Frühling,Freitag,24.256317,52.40413,12.580956,0.14467497,18.266396
2021-06-19,Frühling,Samstag,25.592688,56.811066,10.883287,0.15281375,20.128817
2021-06-20,Frühling,Sonntag,25.784897,66.56085,9.129326,0.20154314,22.080687
2021-06-21,Sommer,Montag,26.552042,67.55191,6.728765,0.15763694,22.311102
2021-06-22,Sommer,Dienstag,27.790445,61.782608,9.441188,0.16001245,43.560696
2021-06-23,Sommer,Mittwoch,27.999641,53.224487,10.259716,0.1510144,40.944103
2021-06-24,Sommer,Donnerstag,27.060997,57.65021,10.862135,0.13777299,28.809814
2021-06-25,Sommer,Freitag,29.372015,54.053196,10.412723,0.15298612,49.12479
2021-06-26,Sommer,Samstag,22.51374,68.360016,7.439457,0.11621225,18.74032
2021-06-27,Sommer,Sonntag,22.894562,61.817703,6.151654,0.14846213,8.164921
2021-06-28,Sommer,Montag,23.041708,65.41523,4.884718,0.107789874,8.876443
2021-06-29,Sommer,Dienstag,26.42713,56.61208,10.467932,0.15353003,16.876482
2021-06-30,Sommer,Mittwoch,27.87133,50.972042,11.419577,0.16740608,29.592644
2021-07-01,Sommer,Donnerstag,22.79289,59.70991,5.898682,0.1126116,16.39178
2021-07-02,Sommer,Freitag,18.70476,68.04027,10.979766,0.13341835,7.7010403
2021-07-03,Sommer,Samstag,19.275835,63.96951,17.86729,0.15975769,12.086766
2021-07-04,Sommer,Sonntag,22.363152,55.30187,8.679174,0.1442507,11.360938
2021-07-05,Sommer,Montag,20.965769,65.62728,9.349038,0.1229211,12.930709
2021-07-06,Sommer,Dienstag,22.28652,64.13859,8.748637,0.12265332,12.563537
2021-07-07,Sommer,Mittwoch,25.270475,59.125355,9.825018,0.13958055,13.919269
2021-07-08,Sommer,Donnerstag,27.255852,60.09389,8.245357,0.13421004,17.539522
2021-07-09,Sommer,Freitag,27.921898,62.680126,9.844284,0.15423879,25.510313
2021-07-10,Sommer,Samstag,25.70118,58.306484,9.286452,0.13600057,16.499163
2021-07-11,Sommer,Sonntag,23.875885,47.688732,5.4310756,0.12150244,7.205355
2021-07-12,Sommer,Montag,23.011543,59.771027,6.5693016,0.1144439,9.831472
2021-07-13,Sommer,Dienstag,22.661375,68.77311,8.254889,0.21340421,13.792547
2021-07-14,Sommer,Mittwoch,26.675928,59.73486,12.354335,0.15078706,27.719263
2021-07-15,Sommer,Donnerstag,23.30735,64.414635,7.4611406,0.11864468,18.268469
2021-07-16,Sommer,Freitag,22.189934,56.44588,8.040616,0.13687623,11.284678
2021-07-17,Sommer,Samstag,23.39847,59.0361,10.665311,0.16164345,12.441452
2021-07-18,Sommer,Sonntag,21.331732,74.82575,7.0464473,0.16957623,9.12271
2021-07-19,Sommer,Montag,22.900017,67.966576,5.489568,0.16141969,10.148894
2021-07-20,Sommer,Dienstag,25.760874,46.212826,8.3376045,0.11379972,17.176891
2021-07-21,Sommer,Mittwoch,22.696182,59.522625,10.502888,0.1313751,13.549585
2021-07-22,Sommer,Donnerstag,21.60399,59.714905,6.863606,0.14138594,17.208189
2021-07-23,Sommer,Freitag,22.38547,56.209568,8.652583,0.13166486,19.316702
2021-07-24,Sommer,Samstag,22.919205,56.688854,7.6905737,0.14337145,17.378092
2021-07-25,Sommer,Sonntag,23.69895,63.98654,7.460731,0.14970134,16.892418
2021-07-26,Sommer,Montag,25.586843,61.058147,4.7766905,0.16135834,13.61251
2021-07-27,Sommer,Dienstag,24.40109,64.79428,7.337659,0.14688073,21.934143
2021-07-28,Sommer,Mittwoch,24.09285,66.07528,13.027843,0.1917724,22.295855
2021-07-29,Sommer,Donnerstag,26.781507,55.50086,9.269101,0.1501773,21.825981
2021-07-30,Sommer,Freitag,24.232424,60.40434,9.9079685,0.17913432,10.749674
2021-07-31,Sommer,Samstag,24.006208,69.91046,12.252139,0.16358222,17.806986
2021-08-01,Sommer,Sonntag,23.125368,66.517944,8.700856,0.1683243,9.328422
2021-08-02,Sommer,Montag,19.608875,80.23843,7.005471,0.14508997,3.6310635
2021-08-03,Sommer,Dienstag,19.159388,65.464294,9.806945,0.15856497,6.6790414
2021-08-04,Sommer,Mittwoch,19.287992,73.83264,28.445572,0.1637154,8.961958
2021-08-05,Sommer,Donnerstag,18.805447,76.48549,16.323143,0.21293703,10.719972
2021-08-06,Sommer,Freitag,18.383617,76.05243,14.501751,0.18709862,6.6611233
2021-08-07,Sommer,Samstag,19.4219,66.90904,16.227098,0.18661077,8.512609
2021-08-08,Sommer,Sonntag,22.878954,61.963627,10.045342,0.16788866,10.077847
2021-08-09,Sommer,Montag,21.217442,67.951744,8.781554,0.1796805,8.197323
2021-08-10,Sommer,Dienstag,21.543312,65.32893,10.863728,0.20585786,8.27628
2021-08-11,Sommer,Mittwoch,24.217237,56.869427,9.871024,0.23079604,10.010325
2021-08-12,Sommer,Donnerstag,23.848574,66.16484,9.46868,0.24064593,11.543611
2021-08-13,Sommer,Freitag,24.494734,63.856678,13.561142,0.23778057,15.716287
2021-08-14,Sommer,Samstag,25.40645,66.73279,17.099201,0.30361032,21.358582
2021-08-15,Sommer,Sonntag,26.886793,65.230095,12.983805,0.28775293,21.242155
2021-08-16,Sommer,Montag,25.79392,70.178185,11.664199,0.30350003,21.06481
2021-08-17,Sommer,Dienstag,23.371752,69.21468,16.245798,0.23270972,16.289967
2021-08-18,Sommer,Mittwoch,19.438349,66.00298,9.674126,0.17798969,5.314718
2021-08-19,Sommer,Donnerstag,18.899868,65.31025,11.191053,0.18191597,10.497985
2021-08-20,Sommer,Freitag,20.275476,63.439716,18.084478,0.24513076,13.204448
2021-08-21,Sommer,Samstag,22.340586,59.92674,13.44769,0.187465,12.927712
2021-08-22,Sommer,Sonntag,22.602423,64.48288,11.975686,0.26628816,14.045577
2021-08-23,Sommer,Montag,22.108328,73.65395,11.736706,0.24704528,13.354459
2021-08-24,Sommer,Dienstag,18.29092,81.18454,14.659373,0.2286929,5.97027
2021-08-25,Sommer,Mittwoch,19.472847,61.433563,14.35314,0.20299368,7.7959385
2021-08-26,Sommer,Donnerstag,16.88498,59.554234,10.735698,0.2154038,11.947052
2021-08-27,Sommer,Freitag,15.60247,76.28112,19.311075,0.31769264,16.023455
2021-08-28,Sommer,Samstag,15.863541,68.03218,13.598615,0.2537477,7.506113
2021-08-29,Sommer,Sonntag,14.474483,74.827156,13.306573,0.24402472,7.0749288
2021-08-30,Sommer,Montag,15.835698,62.92363,9.379807,0.24909692,3.2684247
2021-08-31,Sommer,Dienstag,14.650195,71.643,25.194733,0.2850248,8.686433
2021-09-01,Sommer,Mittwoch,16.596296,67.41122,27.639778,0.30905035,10.477306
2021-09-02,Sommer,Donnerstag,17.044872,58.340893,19.701307,0.23357704,11.170339
2021-09-03,Sommer,Freitag,18.266779,57.87213,18.422382,0.2604304,14.236249
2021-09-04,Sommer,Samstag,18.542189,63.538723,17.84884,0.21357653,16.748846
2021-09-05,Sommer,Sonntag,19.046059,63.68114,14.261891,0.19928432,12.880771
2021-09-06,Sommer,Montag,19.249388,62.046356,13.487015,0.1879659,13.060058
2021-09-07,Sommer,Dienstag,19.043882,62.30397,17.571491,0.19947782,20.02637
2021-09-08,Sommer,Mittwoch,18.90862,64.33937,17.30646,0.20649938,21.920458
2021-09-09,Sommer,Donnerstag,18.339146,61.09538,19.024479,0.21132521,22.98126
2021-09-10,Sommer,Freitag,18.137424,59.400547,19.651857,0.23523214,23.495687
2021-09-11,Sommer,Samstag,19.140642,61.884747,19.599594,0.25816464,23.803467
2021-09-12,Sommer,Sonntag,20.390078,62.631687,17.109493,0.2817078,24.066818
2021-09-13,Sommer,Montag,20.445543,70.497826,12.07233,0.2573734,14.446998
2021-09-14,Sommer,Dienstag,20.9908,67.27749,20.765583,0.28810364,19.87934
2021-09-15,Sommer,Mittwoch,21.44097,67.77012,22.641094,0.2824811,24.195375
2021-09-16,Sommer,Donnerstag,22.643501,66.19515,,0.27295703,30.501831
2021-09-17,Sommer,Freitag,21.54545,75.299644,,0.20710592,19.77378
2021-09-18,Sommer,Samstag,18.278532,77.997314,16.544533,0.22018091,7.5116277
2021-09-19,Sommer,Sonntag,16.759348,61.042286,17.142746,0.24737662,9.564067
2021-09-20,Sommer,Montag,15.524948,73.17483,9.7529545,0.20197545,10.231024
2021-09-21,Sommer,Dienstag,11.832779,84.37319,12.108164,0.21421675,7.391224
2021-09-22,Herbst,Mittwoch,13.318437,72.037636,16.747858,0.23610698,14.959222
2021-09-23,Herbst,Donnerstag,13.376588,66.15264,26.501213,0.26428387,15.420915
2021-09-24,Herbst,Freitag,13.910255,66.10041,29.547012,0.25306565,18.319408
2021-09-25,Herbst,Samstag,17.910913,61.17471,35.838303,0.26448837,18.759995
2021-09-26,Herbst,Sonntag,17.62161,69.5313,18.649427,0.23464541,17.03265
2021-09-27,Herbst,Montag,18.499083,71.13927,13.905024,0.25158352,16.856207
2021-09-28,Herbst,Dienstag,17.211897,88.83718,28.661873,0.27186403,20.495625
2021-09-29,Herbst,Mittwoch,18.310066,68.88581,30.306086,0.26875323,19.3579
2021-09-30,Herbst,Donnerstag,16.55499,80.992676,24.818819,0.23627023,17.157742
2021-10-01,Herbst,Freitag,15.50642,69.94419,16.318422,0.21978845,9.609703
2021-10-02,Herbst,Samstag,14.200627,70.64083,14.648908,0.211776,13.631679
2021-10-03,Herbst,Sonntag,14.1349945,73.48701,12.87985,0.23737295,20.413061
2021-10-04,Herbst,Montag,15.9860115,71.57586,11.610844,0.20958368,18.172039
2021-10-05,Herbst,Dienstag,18.272045,67.6708,27.273056,0.25436875,15.403782
2021-10-06,Herbst,Mittwoch,17.660116,72.29694,18.560783,0.19938514,18.189672
2021-10-07,Herbst,Donnerstag,13.089889,83.97732,17.022264,0.21264333,9.826654
2021-10-08,Herbst,Freitag,10.74846,87.618805,20.838242,0.25493893,3.9679756
2021-10-09,Herbst,Samstag,11.518688,84.7131,23.16572,0.31957757,20.64099
2021-10-10,Herbst,Sonntag,10.03512,68.59583,15.759706,0.23804675,26.249674
2021-10-11,Herbst,Montag,6.943068,83.00886,18.733692,0.2855888,21.817724
2021-10-12,Herbst,Dienstag,10.94695,71.291115,24.34676,0.33440235,22.241112
2021-10-13,Herbst,Mittwoch,8.486892,79.83634,60.715034,0.40346214,28.533493
2021-10-14,Herbst,Donnerstag,9.087522,63.102417,20.785143,0.23500971,9.332051
2021-10-15,Herbst,Freitag,8.117051,69.012726,34.532753,0.30032915,18.605885
2021-10-16,Herbst,Samstag,9.394452,74.02044,30.084417,0.3158901,16.841282
2021-10-17,Herbst,Sonntag,10.650197,76.80019,28.663136,0.3123907,16.669724
2021-10-18,Herbst,Montag,10.709725,75.44379,18.695965,0.26677808,14.478875
2021-10-19,Herbst,Dienstag,9.877533,79.48118,44.92679,0.4091441,25.028664
2021-10-20,Herbst,Mittwoch,10.880923,78.22674,48.771656,0.41446048,29.708755
2021-10-21,Herbst,Donnerstag,12.935758,78.352104,46.25495,0.4160218,29.259375
2021-10-22,Herbst,Freitag,15.436984,64.07848,18.388353,0.22425266,17.376879
2021-10-23,Herbst,Samstag,11.557209,83.81497,26.208267,0.3352443,12.652053
2021-10-24,Herbst,Sonntag,9.68196,70.66898,17.591228,0.2677654,10.730755
2021-10-25,Herbst,Montag,7.9642105,75.4006,14.288111,0.24882165,14.243489
2021-10-26,Herbst,Dienstag,6.624216,74.95381,29.170296,0.28736734,19.354921
2021-10-27,Herbst,Mittwoch,6.7385764,80.34423,31.191921,0.45532167,25.487404
2021-10-28,Herbst,Donnerstag,8.782396,77.92211,42.14396,0.4181255,29.737772
2021-10-29,Herbst,Freitag,8.179801,81.348946,43.444317,0.38939282,28.512846
2021-10-30,Herbst,Samstag,7.596807,82.97332,49.392006,0.42725438,43.067753
2021-10-31,Herbst,Sonntag,6.7670536,82.63113,31.587978,0.43801972,37.49629
2021-11-01,Herbst,Montag,6.8997746,81.6934,37.26387,0.54240346,38.65829
2021-11-02,Herbst,Dienstag,9.2960005,81.69918,20.491062,0.33282465,24.199121
2021-11-03,Herbst,Mittwoch,9.184998,86.22053,29.429129,0.2945056,10.96289
2021-11-04,Herbst,Donnerstag,7.2850423,92.76114,47.719997,0.43685666,16.398193
2021-11-05,Herbst,Freitag,12.157554,72.12087,22.46552,0.26307628,13.281472
2021-11-06,Herbst,Samstag,7.607553,79.02174,40.26312,0.3722172,16.799162
2021-11-07,Herbst,Sonntag,7.042048,69.04188,30.302858,0.3942068,14.665147
2021-11-08,Herbst,Montag,8.391801,73.2452,27.269646,0.38043827,17.471724
2021-11-09,Herbst,Dienstag,7.670412,82.384796,36.68009,0.36432156,18.564846
2021-11-10,Herbst,Mittwoch,7.0520763,68.39299,30.79781,0.26470104,16.5336
2021-11-11,Herbst,Donnerstag,5.7298546,82.57972,34.94124,0.313111,25.983673
2021-11-12,Herbst,Freitag,4.828837,95.04511,31.713377,0.4498203,29.471037
2021-11-13,Herbst,Samstag,4.4618125,96.39563,35.582485,0.5070216,14.436437
2021-11-14,Herbst,Sonntag,4.5068946,94.06116,26.965496,0.49111015,10.947155
2021-11-15,Herbst,Montag,5.8488164,92.84867,21.255178,0.49668312,10.387833
2021-11-16,Herbst,Dienstag,7.392578,92.804016,34.53998,0.47984406,24.965067
2021-11-17,Herbst,Mittwoch,7.6231103,81.76185,15.024319,0.31472367,28.331778
2021-11-18,Herbst,Donnerstag,7.0455365,80.07217,16.682386,0.30694655,33.721115
2021-11-19,Herbst,Freitag,7.6607246,78.06614,23.822634,0.36043563,34.39742
2021-11-20,Herbst,Samstag,8.078565,73.840675,48.015053,0.4552268,27.231115
2021-11-21,Herbst,Sonntag,7.267687,84.323235,27.308903,0.429695,21.756243
2021-11-22,Herbst,Montag,3.668351,90.653076,31.191967,0.555138,23.850225
2021-11-23,Herbst,Dienstag,4.9652615,89.30001,28.757704,0.46293172,25.670721
2021-11-24,Herbst,Mittwoch,4.4833326,84.98378,30.624392,0.43701562,23.924875
2021-11-25,Herbst,Donnerstag,1.9967679,78.001,47.09546,0.48011756,26.818474
2021-11-26,Herbst,Freitag,0.8971453,85.38549,41.565166,0.43921638,37.297306
2021-11-27,Herbst,Samstag,2.4305186,96.62845,48.648685,0.57006955,24.477905
2021-11-28,Herbst,Sonntag,1.6308045,94.75329,18.322525,0.44824564,10.769128
2021-11-29,Herbst,Montag,1.706468,95.03382,22.088795,0.4686249,12.219825
2021-11-30,Herbst,Dienstag,1.8426375,80.6464,34.932144,0.39298692,14.8511
2021-12-01,Herbst,Mittwoch,0.75734925,80.07042,48.184353,0.4467758,25.279762
2021-12-02,Herbst,Donnerstag,3.8660831,80.350975,58.419064,0.44234386,24.691942
2021-12-03,Herbst,Freitag,4.0444303,93.422554,38.561066,0.43076536,13.47457
2021-12-04,Herbst,Samstag,2.6900778,73.848274,25.439312,0.35530794,14.211254
2021-12-05,Herbst,Sonntag,-0.035777032,74.84949,29.410305,0.48414063,21.40787
2021-12-06,Herbst,Montag,1.3040239,97.28709,28.270075,0.5967535,18.6195
2021-12-07,Herbst,Dienstag,2.936948,69.3834,21.930614,0.35610178,15.086577
2021-12-08,Herbst,Mittwoch,-0.21443439,78.299,50.430775,0.49426025,28.803122
2021-12-09,Herbst,Donnerstag,-1.432201,84.86738,36.29388,0.533632,25.209846
2021-12-10,Herbst,Freitag,0.29842484,95.22105,34.47324,0.48168483,20.605005
2021-12-11,Herbst,Samstag,-0.7064753,93.02825,21.48011,0.37375218,20.924498
2021-12-12,Herbst,Sonntag,-0.6676548,91.4997,15.787935,0.382909,19.58399
2021-12-13,Herbst,Montag,2.9359052,64.02141,14.775387,0.31539896,10.6008005
2021-12-14,Herbst,Dienstag,3.0239775,77.695366,68.39382,0.5626735,26.743383
2021-12-15,Herbst,Mittwoch,3.1257966,88.11187,64.65146,0.6423007,23.515497
2021-12-16,Herbst,Donnerstag,3.554085,91.491615,99.361305,0.7634887,30.99627
2021-12-17,Herbst,Freitag,4.4519005,79.59926,99.10917,0.6409558,29.324461
2021-12-18,Herbst,Samstag,6.1834025,67.90736,44.1651,0.38709822,31.045813
2021-12-19,Herbst,Sonntag,2.1681058,77.63913,47.06799,0.55026394,31.322641
2021-12-20,Herbst,Montag,3.5276976,74.75213,40.38337,0.56485915,32.08404
2021-12-21,Winter,Dienstag,3.1905594,65.87859,36.98515,0.39204755,27.861303
2021-12-22,Winter,Mittwoch,0.19552374,74.39741,36.664997,0.323436,19.711126
2021-12-23,Winter,Donnerstag,0.49076298,65.35177,21.042452,0.32481784,24.733866
2021-12-24,Winter,Freitag,-1.8501867,74.36978,42.00688,0.5348478,35.504963
2021-12-25,Winter,Samstag,2.0082443,74.461525,70.47185,0.77648604,48.35066
2021-12-26,Winter,Sonntag,3.9627542,79.37702,47.304276,0.5861211,35.628826
2021-12-27,Winter,Montag,0.9904075,94.976036,7.40581,0.23568147,8.316043
2021-12-28,Winter,Dienstag,0.7369213,93.99793,15.550732,0.31530127,14.796864
2021-12-29,Winter,Mittwoch,0.89899427,94.81064,19.19044,0.39664358,25.502398
2021-12-30,Winter,Donnerstag,3.2667234,91.52404,59.68091,0.6528177,17.808744
2021-12-31,Winter,Freitag,5.286437,87.088295,74.28298,0.7086505,23.350266
2022-01-01,Winter,Samstag,6.988663,85.61459,77.59879,0.82111937,26.499937
2022-01-02,Winter,Sonntag,8.098806,74.95203,41.547405,0.5144117,38.26962
2022-01-03,Winter,Montag,5.3204546,84.46401,42.90408,0.63040346,22.95437
2022-01-04,Winter,Dienstag,7.447447,71.298546,49.442257,0.61458284,31.059448
2022-01-05,Winter,Mittwoch,6.3930116,79.216675,52.510414,0.51020825,30.667969
2022-01-06,Winter,Donnerstag,5.389868,82.31244,20.238478,0.29187965,8.397931
2022-01-07,Winter,Freitag,3.5399969,66.77933,12.807566,0.26813465,9.140209
2022-01-08,Winter,Samstag,-0.17672117,72.54839,21.184227,0.31225607,13.817752
2022-01-09,Winter,Sonntag,-2.0162928,80.08176,38.094402,0.5154849,27.169144
2022-01-10,Winter,Montag,-1.2304429,82.08836,37.07891,0.59033996,28.101187
2022-01-11,Winter,Dienstag,2.2654831,75.33981,53.781906,0.6178982,33.40843
2022-01-12,Winter,Mittwoch,2.7333372,54.789135,20.77368,0.2676317,11.497714
2022-01-13,Winter,Donnerstag,-1.6126828,74.86547,36.49734,0.4317178,30.561798
2022-01-14,Winter,Freitag,-0.885109,72.71163,74.91421,0.6785291,48.418255
2022-01-15,Winter,Samstag,4.0806155,72.612,123.45474,0.965385,56.367435
2022-01-16,Winter,Sonntag,2.9262202,82.878136,31.517752,0.4671697,26.17173
2022-01-17,Winter,Montag,1.0242685,85.41421,40.64707,0.6421497,32.435513
2022-01-18,Winter,Dienstag,4.4421005,67.67891,51.307804,0.5395996,28.082865
2022-01-19,Winter,Mittwoch,4.6804223,74.03202,24.843714,0.32806075,13.620538
2022-01-20,Winter,Donnerstag,0.629862,83.84492,42.502483,0.4656765,30.998909
2022-01-21,Winter,Freitag,1.9766207,71.09623,46.192623,0.47289568,29.678389
2022-01-22,Winter,Samstag,2.3178718,48.16394,7.763116,0.2029498,5.5947514
2022-01-23,Winter,Sonntag,3.0754921,62.714233,14.352719,0.2692037,9.239837
2022-01-24,Winter,Montag,2.4047034,80.53886,18.976736,0.36517426,19.279915
2022-01-25,Winter,Dienstag,0.5726828,91.101685,18.237415,0.35013697,20.554653
2022-01-26,Winter,Mittwoch,0.59450096,86.15686,34.17881,0.4119505,28.92053
2022-01-27,Winter,Donnerstag,1.2077979,81.98566,20.772263,0.33714774,30.523447
2022-01-28,Winter,Freitag,0.83649904,83.22772,45.317272,0.4444553,48.111942
2022-01-29,Winter,Samstag,4.2493906,62.842087,25.771053,0.30268556,17.411852
2022-01-30,Winter,Sonntag,2.6336486,63.962894,25.500652,0.31714442,17.69773
2022-01-31,Winter,Montag,6.405905,54.175644,12.934397,0.23282506,13.911958
2022-02-01,Winter,Dienstag,2.3546908,64.3535,38.48122,0.31045294,25.097445
2022-02-02,Winter,Mittwoch,3.3481684,65.81142,24.361492,0.2933529,14.748142
2022-02-03,Winter,Donnerstag,4.12633,80.43972,18.694494,0.21273528,7.8460655
2022-02-04,Winter,Freitag,3.9622269,71.65272,27.585964,0.28860304,15.762229
2022-02-05,Winter,Samstag,5.2154045,70.708206,40.73346,0.4250331,25.029398
2022-02-06,Winter,Sonntag,5.4934993,66.411705,21.939222,0.38335654,16.21385
2022-02-07,Winter,Montag,3.1260674,68.09967,28.698261,0.41017073,20.496088
2022-02-08,Winter,Dienstag,4.0201607,75.4585,12.591528,0.21174246,7.9152694
2022-02-09,Winter,Mittwoch,5.354255,65.49188,30.233902,0.28534463,18.445904
2022-02-10,Winter,Donnerstag,8.954164,58.961246,36.10545,0.31495088,28.89872
2022-02-11,Winter,Freitag,6.2912517,70.69356,30.62856,0.44314584,25.259733
2022-02-12,Winter,Samstag,6.1400394,62.225613,36.267357,0.39919057,22.356539
2022-02-13,Winter,Sonntag,3.6112235,59.93004,16.182106,0.2605038,11.16417
2022-02-14,Winter,Montag,1.6825932,71.5875,18.202185,0.28904495,16.312155
2022-02-15,Winter,Dienstag,2.2636216,70.44295,33.671978,0.35073248,29.876326
2022-02-16,Winter,Mittwoch,4.72555,78.438866,26.296387,0.40211153,20.213442
2022-02-17,Winter,Donnerstag,5.738161,82.84768,26.845253,0.4575362,14.8782
2022-02-18,Winter,Freitag,9.96259,65.38516,33.454952,0.3308049,17.573917
2022-02-19,Winter,Samstag,10.089067,58.8817,22.290363,0.24371047,21.721033
2022-02-20,Winter,Sonntag,8.7947235,61.696823,10.876123,0.23627642,10.968723
2022-02-21,Winter,Montag,6.9439397,78.27713,11.74526,0.26757607,14.620612
2022-02-22,Winter,Dienstag,6.235016,65.72717,24.308905,0.31116462,20.443779
2022-02-23,Winter,Mittwoch,5.676024,58.456593,19.569435,0.2508397,12.620765
2022-02-24,Winter,Donnerstag,7.3865128,56.62527,24.24299,0.25539178,15.671334
2022-02-25,Winter,Freitag,6.7838883,59.723125,20.19247,0.30511248,16.851486
2022-02-26,Winter,Samstag,4.999122,73.7223,15.511586,0.2986308,11.348037
2022-02-27,Winter,Sonntag,4.1823654,64.23403,13.715748,0.23436682,9.767974
2022-02-28,Winter,Montag,4.7796307,54.661877,5.7368436,0.19582394,10.208358
2022-03-01,Winter,Dienstag,2.464716,50.232815,12.140231,0.20566367,13.678387
2022-03-02,Winter,Mittwoch,2.4933162,51.42999,16.84959,0.3284465,18.16434
2022-03-03,Winter,Donnerstag,2.8477023,51.875767,27.71524,0.37795436,22.432144
2022-03-04,Winter,Freitag,3.5229957,46.751377,25.864239,0.33011374,23.5454
2022-03-05,Winter,Samstag,2.5347774,55.73102,24.538282,0.28334987,27.442587
2022-03-06,Winter,Sonntag,2.6374824,62.099995,9.852032,0.21989827,13.491651
2022-03-07,Winter,Montag,2.4888325,64.35151,7.5453544,0.22979344,17.008612
2022-03-08,Winter,Dienstag,1.2303749,59.39432,14.753676,0.24619305,23.855894
2022-03-09,Winter,Mittwoch,3.6892068,52.10202,12.468238,0.22473577,12.918462
2022-03-10,Winter,Donnerstag,4.6604323,56.367004,25.484495,0.3001774,20.382116
2022-03-11,Winter,Freitag,4.943211,60.588284,18.506916,0.253837,20.65256
2022-03-12,Winter,Samstag,1.2817295,55.9101,8.657583,0.23912822,20.963614
2022-03-13,Winter,Sonntag,1.0784775,51.54872,11.83936,0.26946172,21.939056
2022-03-14,Winter,Montag,3.073654,48.939938,14.543083,0.30352327,25.33841
2022-03-15,Winter,Dienstag,5.6194644,51.920002,20.35315,0.31621873,31.012497
2022-03-16,Winter,Mittwoch,7.6145177,58.438847,49.462303,0.48110917,50.04307
2022-03-17,Winter,Donnerstag,10.361436,59.216614,18.512331,0.29202306,27.253973
2022-03-18,Winter,Freitag,8.729335,60.75462,14.812232,0.27588427,28.531935
2022-03-19,Winter,Samstag,6.6790833,69.84005,13.692487,0.3107418,33.384003
2022-03-20,Frühling,Sonntag,6.2642727,69.281425,14.495975,0.30347735,31.686197
2022-03-21,Frühling,Montag,5.80867,55.004684,8.636791,0.2720767,27.056337
2022-03-22,Frühling,Dienstag,5.170051,49.102325,14.947298,0.2534348,23.34609
2022-03-23,Frühling,Mittwoch,7.503935,44.74692,21.196463,0.26072535,27.476845
2022-03-24,Frühling,Donnerstag,10.987807,43.14737,32.700302,0.30260032,30.817667
2022-03-25,Frühling,Freitag,13.466245,43.392426,35.261356,0.3258273,36.54752
2022-03-26,Frühling,Samstag,12.786469,46.01003,17.409948,0.2448028,32.38057
2022-03-27,Frühling,Sonntag,13.063798,48.909256,17.417858,0.24746306,33.43667
2022-03-28,Frühling,Montag,13.172557,52.27357,13.42935,0.28664693,23.933432
2022-03-29,Frühling,Dienstag,14.209278,57.14181,19.520338,0.27714273,30.232512
2022-03-30,Frühling,Mittwoch,14.92902,51.881973,28.376299,0.3477388,41.94286
2022-03-31,Frühling,Donnerstag,11.72908,64.194466,18.829332,0.30913407,33.50021
2022-04-01,Frühling,Freitag,8.148531,91.31975,23.041336,0.26096484,17.36376
2022-04-02,Frühling,Samstag,7.3594327,90.50263,13.225131,0.23265004,6.228769
2022-04-03,Frühling,Sonntag,2.868024,91.45463,8.526506,0.21161239,9.858065
2022-04-04,Frühling,Montag,4.7410283,59.974545,5.8649397,0.20804466,9.75258
2022-04-05,Frühling,Dienstag,3.5330055,77.809074,9.806142,0.21724275,15.287896
2022-04-06,Frühling,Mittwoch,8.22458,65.54142,28.10751,0.29689965,23.4738
2022-04-07,Frühling,Donnerstag,13.1372595,60.01115,16.079199,0.2592941,15.25724
2022-04-08,Frühling,Freitag,14.531325,55.692654,23.928354,0.23738877,19.415472
2022-04-09,Frühling,Samstag,13.988299,61.507526,12.0467825,0.17078698,16.769953
2022-04-10,Frühling,Sonntag,8.828744,63.296978,7.279173,0.15994832,3.196483
2022-04-11,Frühling,Montag,8.217236,41.54093,6.152966,0.17922486,3.6573021
2022-04-12,Frühling,Dienstag,8.908997,52.415176,9.891927,0.18679132,9.168929
2022-04-13,Frühling,Mittwoch,11.535823,57.157787,13.254397,0.23286758,15.9822035
2022-04-14,Frühling,Donnerstag,13.595853,59.768368,14.432613,0.2278043,22.522017
2022-04-15,Frühling,Freitag,15.506393,58.090748,14.049524,0.21747193,24.332941
2022-04-16,Frühling,Samstag,14.710892,73.95631,20.601168,0.2505399,25.86309
2022-04-17,Frühling,Sonntag,11.5734,57.44574,5.958871,0.14723422,5.1337833
2022-04-18,Frühling,Montag,9.556573,43.40048,4.541283,0.14321119,6.8222823
2022-04-19,Frühling,Dienstag,8.734964,52.891697,7.028006,0.16641265,7.5888343
2022-04-20,Frühling,Mittwoch,5.6217923,90.9746,10.577945,0.18938635,6.543079
2022-04-21,Frühling,Donnerstag,7.946081,65.54212,12.7297,0.2196135,11.963928
2022-04-22,Frühling,Freitag,10.640354,60.615147,12.940423,0.19987988,15.015494
2022-04-23,Frühling,Samstag,9.507396,89.80157,11.776697,0.21498387,10.899914
2022-04-24,Frühling,Sonntag,10.10068,85.45771,12.533935,0.23373896,23.447067
2022-04-25,Frühling,Montag,13.450279,62.070354,7.0953536,0.1728085,9.127412
2022-04-26,Frühling,Dienstag,13.622402,60.695377,15.2330885,0.20663811,8.58303
2022-04-27,Frühling,Mittwoch,11.7416,78.11275,10.7734375,0.1920542,12.814553
2022-04-28,Frühling,Donnerstag,9.414298,85.22834,13.959832,0.20820315,5.5803123
2022-04-29,Frühling,Freitag,12.523521,55.92883,15.335174,0.19879715,14.588065
2022-04-30,Frühling,Samstag,13.736633,51.677658,12.6394615,0.21011358,14.267779
2022-05-01,Frühling,Sonntag,14.44442,52.907528,11.062856,0.15326704,15.607063
2022-05-02,Frühling,Montag,12.934856,73.75019,12.033994,0.17210034,11.715122
2022-05-03,Frühling,Dienstag,13.190909,80.10343,14.436383,0.19227645,11.202358
2022-05-04,Frühling,Mittwoch,15.575307,60.19226,12.842929,0.20242701,13.164239
2022-05-05,Frühling,Donnerstag,16.022352,65.54731,15.059193,0.21702188,19.417913
2022-05-06,Frühling,Freitag,17.065126,63.56497,12.624751,0.19635302,12.44719
2022-05-07,Frühling,Samstag,14.738917,80.451614,18.304436,0.236859,14.348353
2022-05-08,Frühling,Sonntag,13.44051,93.57685,13.751842,0.19221196,8.771155
2022-05-09,Frühling,Montag,14.789182,82.682014,9.316839,0.15829256,12.453004
2022-05-10,Frühling,Dienstag,16.731884,66.47203,13.113169,0.17355566,14.929047
2022-05-11,Frühling,Mittwoch,18.17395,63.459644,10.345303,0.24532302,16.6589
2022-05-12,Frühling,Donnerstag,20.950968,56.942867,14.589532,0.18995862,18.80695
2022-05-13,Frühling,Freitag,23.624105,55.014584,17.494236,0.22778444,24.687231
2022-05-14,Frühling,Samstag,20.110598,76.67791,12.186577,0.20258684,16.612326
2022-05-15,Frühling,Sonntag,19.162012,62.938206,8.031926,0.14365932,15.509136
2022-05-16,Frühling,Montag,20.932709,61.314484,5.957589,0.15666014,14.0259695
2022-05-17,Frühling,Dienstag,20.904966,65.2864,10.667316,0.14738324,17.261438
2022-05-18,Frühling,Mittwoch,21.620325,55.35555,10.585658,0.16747896,9.304389
2022-05-19,Frühling,Donnerstag,18.84847,54.606632,6.091058,0.14199328,12.428406
2022-05-20,Frühling,Freitag,18.59086,52.05446,9.173957,0.15739395,15.757373
2022-05-21,Frühling,Samstag,22.895979,56.813843,16.027277,0.20450546,21.792372
2022-05-22,Frühling,Sonntag,23.717413,57.698227,7.145694,0.16063514,13.436447
2022-05-23,Frühling,Montag,19.94026,59.59761,4.5602655,0.12151253,10.3375635
2022-05-24,Frühling,Dienstag,19.51504,63.872013,6.2307034,0.13285488,13.566707
2022-05-25,Frühling,Mittwoch,20.778967,69.88213,8.199646,0.15520684,11.939915
2022-05-26,Frühling,Donnerstag,17.825478,82.231224,10.786216,0.16545749,8.687379
2022-05-27,Frühling,Freitag,17.81467,72.66413,8.113783,0.2140926,9.744559
2022-05-28,Frühling,Samstag,21.168478,65.848076,7.6681614,0.14830674,13.797635
2022-05-29,Frühling,Sonntag,14.194778,87.49182,5.0901175,0.12321494,6.9135766
2022-05-30,Frühling,Montag,10.996201,85.19724,5.867896,0.125952,6.5502663
2022-05-31,Frühling,Dienstag,12.711665,71.82688,9.934838,0.19811854,6.896263
2022-06-01,Frühling,Mittwoch,17.421228,66.723206,7.1543717,0.16367076,6.9274564
2022-06-02,Frühling,Donnerstag,20.877983,61.724697,6.8083014,0.1456691,8.29707
2022-06-03,Frühling,Freitag,19.739725,75.05608,6.9264245,0.14314191,7.1260357
2022-06-04,Frühling,Samstag,21.544893,72.711624,8.011833,0.1631609,10.859729
2022-06-05,Frühling,Sonntag,24.218618,66.02269,4.926689,0.14139429,10.776936
2022-06-06,Frühling,Montag,21.411768,78.919914,5.5752726,0.13746731,10.8466
2022-06-07,Frühling,Dienstag,21.957558,64.65627,2.8598697,0.11205644,3.528185
2022-06-08,Frühling,Mittwoch,20.943317,72.47498,8.065709,0.13796549,7.1727014
2022-06-09,Frühling,Donnerstag,18.742748,68.636696,9.284055,0.15267418,8.410012
2022-06-10,Frühling,Freitag,17.957338,67.28568,10.849255,0.16773082,6.6239033
2022-06-11,Frühling,Samstag,19.935701,53.950653,7.726678,0.12824386,5.401531
2022-06-12,Frühling,Sonntag,22.578499,46.754246,7.9109874,0.14318585,8.124645
2022-06-13,Frühling,Montag,23.098871,52.49422,7.2537,0.15070418,10.873219
2022-06-14,Frühling,Dienstag,22.04688,55.434002,12.467433,0.18127441,13.639359
2022-06-15,Frühling,Mittwoch,19.70355,58.022934,6.95793,0.1276695,14.073232
2022-06-16,Frühling,Donnerstag,21.34887,62.152386,9.142009,0.14627706,16.86962
2022-06-17,Frühling,Freitag,20.883635,75.607796,8.27169,0.14867519,14.078556
2022-06-18,Frühling,Samstag,22.554605,63.69396,8.101619,0.17839386,15.150418
2022-06-19,Frühling,Sonntag,22.315866,60.22702,6.7690425,0.14003016,13.838848
2022-06-20,Frühling,Montag,23.83283,60.29765,6.5629897,0.12580383,14.338933
2022-06-21,Sommer,Dienstag,24.69261,72.32168,13.14951,0.18236816,27.464579
2022-06-22,Sommer,Mittwoch,20.042723,85.49933,8.1004505,0.17448202,21.941208
2022-06-23,Sommer,Donnerstag,20.935053,76.63293,10.347872,0.1936152,23.562162
2022-06-24,Sommer,Freitag,21.301601,83.0449,9.104688,0.16260992,14.52832
2022-06-25,Sommer,Samstag,21.898779,76.15128,7.6773524,0.15567823,16.289145
2022-06-26,Sommer,Sonntag,23.00416,56.170303,6.2549887,0.13761483,6.384209
2022-06-27,Sommer,Montag,24.584696,60.38297,5.7602787,0.13245894,7.5323043
2022-06-28,Sommer,Dienstag,27.105997,62.026154,,0.15998943,19.371935
2022-06-29,Sommer,Mittwoch,27.057877,63.450092,,0.14336428,22.249466
2022-06-30,Sommer,Donnerstag,27.128698,65.91541,7.2471023,0.14002536,26.646555
2022-07-01,Sommer,Freitag,26.281363,63.183773,8.677063,0.19620687,22.448395
2022-07-02,Sommer,Samstag,26.903692,57.92982,8.859057,0.14391866,24.56848
2022-07-03,Sommer,Sonntag,23.489363,53.183426,3.7078667,0.111340076,4.949684
2022-07-04,Sommer,Montag,25.173048,58.174114,4.95574,0.11794924,11.692909
2022-07-05,Sommer,Dienstag,24.550209,69.23855,11.352723,0.18238057,15.373135
2022-07-06,Sommer,Mittwoch,22.563776,65.50059,9.547269,0.16133972,8.282244
2022-07-07,Sommer,Donnerstag,23.586931,51.025944,11.25087,0.18668562,14.52554
2022-07-08,Sommer,Freitag,19.20839,76.1734,11.214461,0.1562464,14.129678
2022-07-09,Sommer,Samstag,19.826101,54.08971,9.942531,0.13127741,8.536263
2022-07-10,Sommer,Sonntag,21.188723,45.719555,,0.12106444,6.4831505
2022-07-11,Sommer,Montag,20.338305,55.300175,,0.11286816,6.168922
2022-07-12,Sommer,Dienstag,19.447159,52.695366,,0.118459195,8.303303
2022-07-13,Sommer,Mittwoch,19.854916,57.316074,11.424497,0.14790668,9.606757
2022-07-14,Sommer,Donnerstag,23.213697,52.75287,12.934451,0.15686192,11.959704
2022-07-15,Sommer,Freitag,26.016329,48.31276,14.040448,0.19496906,17.899054
2022-07-16,Sommer,Samstag,21.172155,75.05451,8.458074,0.1265696,16.6155
2022-07-17,Sommer,Sonntag,22.67508,65.98939,4.8696747,0.13300306,15.775912
2022-07-18,Sommer,Montag,21.849936,55.499126,4.4366903,0.124738134,15.04499
2022-07-19,Sommer,Dienstag,23.41198,53.12972,9.015799,0.13292624,18.232504
2022-07-20,Sommer,Mittwoch,25.201447,48.580826,8.823166,0.1383257,18.16428
2022-07-21,Sommer,Donnerstag,26.324972,47.720486,9.58535,0.1435152,19.518173
2022-07-22,Sommer,Freitag,27.686554,47.93266,11.241164,0.16084102,22.791618
2022-07-23,Sommer,Samstag,28.334244,53.393307,8.09263,0.18296652,26.525713
2022-07-24,Sommer,Sonntag,27.995775,57.493694,7.7100897,0.1607525,21.82489
2022-07-25,Sommer,Montag,25.327002,62.2345,4.3660283,0.17505017,12.755257
2022-07-26,Sommer,Dienstag,27.068497,59.386215,8.5739,0.17242834,20.061296
2022-07-27,Sommer,Mittwoch,24.802053,63.040466,7.3675003,0.13144685,11.392339
2022-07-28,Sommer,Donnerstag,21.00924,77.41659,10.271785,0.17746279,14.470155
2022-07-29,Sommer,Freitag,22.846384,64.7187,10.586355,0.20725624,16.128605
2022-07-30,Sommer,Samstag,24.476446,62.394623,9.875277,0.16663364,20.934315
2022-07-31,Sommer,Sonntag,21.247362,72.616325,6.4938765,0.15016007,8.754745
2022-08-01,Sommer,Montag,22.948896,53.64946,6.461544,0.13559066,13.343437
2022-08-02,Sommer,Dienstag,24.220827,56.636234,12.809449,0.15401912,17.83513
2022-08-03,Sommer,Mittwoch,23.707705,65.35032,7.8949103,0.121420585,14.580025
2022-08-04,Sommer,Donnerstag,25.132843,59.39241,8.846418,0.13904417,13.175671
2022-08-05,Sommer,Freitag,26.545069,55.577213,8.403126,0.13303398,15.203765
2022-08-06,Sommer,Samstag,28.170748,57.508945,10.56168,0.16261813,21.101496
2022-08-07,Sommer,Sonntag,24.835615,67.21855,5.7218194,0.13153397,12.575622
2022-08-08,Sommer,Montag,22.404526,63.016064,2.7856977,0.10130829,8.832492
2022-08-09,Sommer,Dienstag,21.278013,67.24929,8.461271,0.12589917,16.80532
2022-08-10,Sommer,Mittwoch,23.052279,54.825886,7.004231,0.14854892,13.375094
2022-08-11,Sommer,Donnerstag,22.540258,53.773254,7.797914,0.11911709,15.606339
2022-08-12,Sommer,Freitag,22.736156,53.081726,6.400108,0.11643725,16.91694
2022-08-13,Sommer,Samstag,20.932789,62.07469,5.55445,0.116570756,14.158604
2022-08-14,Sommer,Sonntag,19.019049,75.982956,7.1284113,0.21058558,12.506642
2022-08-15,Sommer,Montag,22.740332,65.51571,7.497699,0.15190428,13.883225
2022-08-16,Sommer,Dienstag,24.64786,62.50273,7.5535526,0.18423256,12.765943
2022-08-17,Sommer,Mittwoch,25.179329,59.131077,7.258493,0.15967996,12.098813
2022-08-18,Sommer,Donnerstag,26.779028,57.329197,11.747531,0.20440468,18.878668
2022-08-19,Sommer,Freitag,25.505342,62.912777,11.410142,0.1351309,23.963358
2022-08-20,Sommer,Samstag,22.814077,76.21523,10.887173,0.16403238,16.254389
2022-08-21,Sommer,Sonntag,22.346046,66.741875,7.7382503,0.17485602,8.380149
2022-08-22,Sommer,Montag,22.22701,57.1205,5.371963,0.12705097,5.625717
2022-08-23,Sommer,Dienstag,20.662657,60.92989,7.613434,0.13278627,8.158839
2022-08-24,Sommer,Mittwoch,19.244848,71.84256,8.004089,0.14060651,6.6285934
2022-08-25,Sommer,Donnerstag,21.143217,73.332,10.499874,0.14794305,10.222373
2022-08-26,Sommer,Freitag,22.53315,71.11239,10.598176,0.19117591,19.797613
2022-08-27,Sommer,Samstag,24.58602,63.286686,12.253732,0.16098993,28.440344
2022-08-28,Sommer,Sonntag,22.412827,76.6361,8.294951,0.1791466,23.054651
2022-08-29,Sommer,Montag,20.631708,80.99079,5.146808,0.1447558,10.5536995
2022-08-30,Sommer,Dienstag,20.92209,80.75906,11.414336,0.18273875,9.358968
2022-08-31,Sommer,Mittwoch,22.576303,64.730484,8.047879,0.14130847,14.212944
2022-09-01,Sommer,Donnerstag,19.22841,77.3729,11.680341,0.14652608,17.352118
2022-09-02,Sommer,Freitag,18.238262,63.944916,7.930619,0.12078925,13.091091
2022-09-03,Sommer,Samstag,18.887066,55.413864,7.148303,0.12804967,13.315704
2022-09-04,Sommer,Sonntag,18.996828,65.59153,5.9868665,0.13245553,16.033096
2022-09-05,Sommer,Montag,19.503906,76.52704,5.077188,0.1734693,9.660577
2022-09-06,Sommer,Dienstag,19.810598,77.80597,9.127802,0.14917335,17.16566
2022-09-07,Sommer,Mittwoch,21.168274,77.468475,9.600632,0.15510187,19.253838
2022-09-08,Sommer,Donnerstag,19.838446,82.387215,10.87685,0.14333063,13.217392
2022-09-09,Sommer,Freitag,19.29861,75.54627,12.946928,0.13696435,11.838104
2022-09-10,Sommer,Samstag,17.724941,76.89951,15.353595,0.25593665,12.871777
2022-09-11,Sommer,Sonntag,17.717886,71.99139,8.229314,0.21911334,9.443154
2022-09-12,Sommer,Montag,16.846388,67.745094,10.133401,0.1273278,8.097167
2022-09-13,Sommer,Dienstag,18.307299,64.2584,14.318231,0.18371245,11.997643
2022-09-14,Sommer,Mittwoch,18.762745,67.52093,11.785321,0.16309367,16.25659
2022-09-15,Sommer,Donnerstag,22.452677,66.11792,16.325281,0.19221957,22.596603
2022-09-16,Sommer,Freitag,19.232244,85.29826,15.875883,0.14999472,11.587109
2022-09-17,Sommer,Samstag,14.59077,96.18866,10.937636,0.15054157,5.9292045
2022-09-18,Sommer,Sonntag,12.65725,73.30427,9.931834,0.14836302,6.653993
2022-09-19,Sommer,Montag,12.573059,58.362473,8.960339,0.14139494,5.8611016
2022-09-20,Sommer,Dienstag,13.564769,55.07756,10.180889,0.1433231,6.3773246
2022-09-21,Sommer,Mittwoch,12.022016,61.385334,12.514145,0.15504555,8.113359
2022-09-22,Sommer,Donnerstag,11.850812,60.078873,12.982145,0.16925,8.806613
2022-09-23,Herbst,Freitag,11.059859,62.887405,17.41867,0.21073794,10.593297
2022-09-24,Herbst,Samstag,11.920151,61.990143,14.170293,0.2516077,10.348626
2022-09-25,Herbst,Sonntag,13.520187,69.661995,13.216578,0.26245943,14.552967
2022-09-26,Herbst,Montag,12.629489,89.44812,10.360614,0.23267269,10.178668
2022-09-27,Herbst,Dienstag,13.370248,86.3814,17.04075,0.25863945,9.843856
2022-09-28,Herbst,Mittwoch,12.423734,89.23698,14.176407,0.22419089,8.028161
2022-09-29,Herbst,Donnerstag,11.279736,80.2305,15.300597,0.19935434,8.982147
2022-09-30,Herbst,Freitag,11.085549,91.671906,12.047288,0.17146634,4.3949256
2022-10-01,Herbst,Samstag,13.171393,85.27691,12.624009,0.17120077,6.255735
2022-10-02,Herbst,Sonntag,14.598321,86.27929,8.621123,0.20769131,8.851775
2022-10-03,Herbst,Montag,13.916738,74.26973,8.916151,0.18075296,6.909865
2022-10-04,Herbst,Dienstag,13.865148,63.42567,18.962038,0.21902134,10.606418
2022-10-05,Herbst,Mittwoch,12.461918,65.30541,17.889374,0.21159019,14.40728
2022-10-06,Herbst,Donnerstag,13.303039,73.3209,26.140862,0.29495302,22.715307
2022-10-07,Herbst,Freitag,15.954274,71.3473,22.983715,0.3146324,22.120201
2022-10-08,Herbst,Samstag,16.530418,74.32365,17.153568,0.23161168,25.13251
2022-10-09,Herbst,Sonntag,16.112349,76.81907,13.409007,0.2680393,24.87884
2022-10-10,Herbst,Montag,13.661865,84.21381,9.163693,0.18947208,15.047685
2022-10-11,Herbst,Dienstag,13.691432,73.569664,16.77627,0.22142437,21.389984
2022-10-12,Herbst,Mittwoch,15.235274,76.8315,23.738667,0.26521772,27.923042
2022-10-13,Herbst,Donnerstag,15.558959,75.16473,14.129839,0.21089841,28.093832
2022-10-14,Herbst,Freitag,14.319049,78.46009,20.876564,0.24978852,36.4128
2022-10-15,Herbst,Samstag,13.771389,78.98498,27.592373,0.30127874,43.827576
2022-10-16,Herbst,Sonntag,12.858222,88.79104,18.557888,0.3271426,44.213074
2022-10-17,Herbst,Montag,15.088253,78.810646,16.970179,0.34389263,34.321613
2022-10-18,Herbst,Dienstag,15.568932,78.80651,30.789532,0.3375772,37.1943
2022-10-19,Herbst,Mittwoch,15.348973,79.37179,32.65221,0.35025573,41.377926
2022-10-20,Herbst,Donnerstag,15.811851,74.10425,18.656908,0.2441695,24.033232
2022-10-21,Herbst,Freitag,12.548663,63.79359,10.97802,0.15344134,17.151098
2022-10-22,Herbst,Samstag,11.983677,80.76684,19.402122,0.28371146,32.79736
2022-10-23,Herbst,Sonntag,12.452638,93.597145,28.951658,0.41933236,21.867638
2022-10-24,Herbst,Montag,11.852466,86.06928,18.862896,0.337088,11.39523
2022-10-25,Herbst,Dienstag,14.625694,81.87044,37.528076,0.40266812,25.319496
2022-10-26,Herbst,Mittwoch,15.217008,77.69228,24.018291,0.23527677,14.997471
2022-10-27,Herbst,Donnerstag,13.081212,81.799385,22.737822,0.37379745,16.918547
2022-10-28,Herbst,Freitag,15.14347,75.14123,42.098694,0.42333695,26.081474
2022-10-29,Herbst,Samstag,14.256351,77.78071,42.471024,0.44549417,25.666685
2022-10-30,Herbst,Sonntag,13.826969,81.34347,30.941725,0.45779282,19.980675
2022-10-31,Herbst,Montag,14.822425,77.37805,30.83051,0.49598783,22.952728
2022-11-01,Herbst,Dienstag,13.319114,80.20869,35.806637,0.4789663,26.72281
2022-11-02,Herbst,Mittwoch,12.690917,79.962944,16.959604,0.42198247,14.640251
2022-11-03,Herbst,Donnerstag,14.900913,76.45978,29.414795,0.35869965,21.289223
2022-11-04,Herbst,Freitag,13.672344,77.42133,13.245657,0.21365002,15.602024
2022-11-05,Herbst,Samstag,10.825089,84.56873,13.963777,0.23009603,13.07652
2022-11-06,Herbst,Sonntag,10.500002,54.568058,12.506868,0.20114583,3.0649614
2022-11-07,Herbst,Montag,8.438661,65.735535,14.819141,0.2278647,8.27889
2022-11-08,Herbst,Dienstag,9.589858,72.654724,30.623972,0.32892886,14.985921
2022-11-09,Herbst,Mittwoch,8.546417,79.52444,43.635403,0.41186142,22.45652
2022-11-10,Herbst,Donnerstag,7.7022,83.7223,38.564426,0.49007,26.540955
2022-11-11,Herbst,Freitag,6.7096963,95.35294,93.14363,0.79846215,35.796555
2022-11-12,Herbst,Samstag,6.3289566,87.21934,105.03513,0.9202243,39.030277
2022-11-13,Herbst,Sonntag,8.312642,76.39976,48.40948,0.6979882,24.412783
2022-11-14,Herbst,Montag,8.3640785,78.13958,20.110273,0.3766809,19.512472
2022-11-15,Herbst,Dienstag,9.5847845,81.39506,28.296165,0.41399452,37.9117
2022-11-16,Herbst,Mittwoch,8.277959,91.3996,19.955385,0.39587706,35.80128
2022-11-17,Herbst,Donnerstag,7.9116225,83.21439,24.105955,0.36751145,20.142885
2022-11-18,Herbst,Freitag,7.492697,86.13691,33.21023,0.42633888,23.702753
2022-11-19,Herbst,Samstag,6.710764,92.54891,40.444397,0.55787724,20.816462
2022-11-20,Herbst,Sonntag,3.9735544,92.62611,20.729715,0.37361145,13.907562
2022-11-21,Herbst,Montag,4.160134,89.1901,18.010693,0.3154222,12.618416
2022-11-22,Herbst,Dienstag,3.9842265,85.119934,38.151134,0.3810538,20.67187
2022-11-23,Herbst,Mittwoch,4.437009,90.477715,25.612268,0.3113443,17.465307
2022-11-24,Herbst,Donnerstag,5.7556496,85.0882,29.124147,0.3199256,11.570001
2022-11-25,Herbst,Freitag,5.4970517,82.39539,50.80219,0.47858047,26.036036
2022-11-26,Herbst,Samstag,4.983627,77.026985,51.388626,0.41302177,25.128023
2022-11-27,Herbst,Sonntag,5.0375295,81.108925,45.061844,0.5399997,23.923447
2022-11-28,Herbst,Montag,4.175862,79.86026,28.929003,0.45591587,16.251678
2022-11-29,Herbst,Dienstag,1.9291989,91.26046,38.176456,0.44929552,30.949883
2022-11-30,Herbst,Mittwoch,3.1046865,85.66024,13.926097,0.30443782,33.91985
2022-12-01,Herbst,Donnerstag,3.559314,89.426735,20.86133,0.30891663,18.343863
2022-12-02,Herbst,Freitag,3.3111093,95.1509,25.408209,0.32140353,10.915475
2022-12-03,Herbst,Samstag,2.5033069,94.9858,24.42698,0.45770925,26.618052
2022-12-04,Herbst,Sonntag,2.4975166,93.324,17.650795,0.5090357,26.798605
2022-12-05,Herbst,Montag,3.6728847,95.64267,15.652842,0.46701935,16.41824
2022-12-06,Herbst,Dienstag,3.9567053,94.88424,22.273258,0.4392939,16.384464
2022-12-07,Herbst,Mittwoch,3.5281184,94.040436,31.216831,0.46883225,12.854239
2022-12-08,Herbst,Donnerstag,2.646899,90.73081,40.455673,0.42544356,27.17395
2022-12-09,Herbst,Freitag,2.8779104,90.955864,13.251909,0.34929144,
2022-12-10,Herbst,Samstag,2.702442,90.0873,33.798866,0.4339505,24.586199
2022-12-11,Herbst,Sonntag,3.1255789,96.215416,32.550274,0.51846033,15.628251
2022-12-12,Herbst,Montag,2.9370556,50.624294,9.2166,0.24837781,5.378839
2022-12-13,Herbst,Dienstag,-0.928179,63.382843,26.480913,0.31456855,15.974685
2022-12-14,Herbst,Mittwoch,-3.1306734,65.63375,30.608522,0.41190875,23.617805
2022-12-15,Herbst,Donnerstag,-1.8387929,72.44605,33.3255,0.44033614,37.055317
2022-12-16,Herbst,Freitag,-0.20636238,78.93992,51.81306,0.6320434,53.705143
2022-12-17,Herbst,Samstag,1.1613072,94.09323,40.714275,0.63113904,47.51688
2022-12-18,Herbst,Sonntag,1.4237334,92.050354,37.28829,0.6405085,29.019835
2022-12-19,Herbst,Montag,-2.4403863,87.504616,18.854912,0.44465896,21.407179
2022-12-20,Herbst,Dienstag,-1.2161115,83.75663,22.464756,0.45002273,34.244587
2022-12-21,Winter,Mittwoch,-1.4470922,89.687805,21.642052,0.48331797,34.79662
2022-12-22,Winter,Donnerstag,-0.9264908,90.8201,40.911507,0.64243656,38.19067
2022-12-23,Winter,Freitag,2.5106218,89.5358,87.97874,0.9450306,41.366436
2022-12-24,Winter,Samstag,5.50841,83.581,98.05133,1.0480684,29.879
2022-12-25,Winter,Sonntag,5.817312,85.13325,46.195827,0.6954552,21.125767
2022-12-26,Winter,Montag,6.387266,79.98588,42.208324,0.69719744,24.282606
2022-12-27,Winter,Dienstag,4.8764796,81.42869,38.32171,0.68376744,24.24858
2022-12-28,Winter,Mittwoch,7.1826434,70.61469,23.27955,0.40437803,19.365515
2022-12-29,Winter,Donnerstag,3.400328,76.5597,24.56342,0.32513756,21.382133
2022-12-30,Winter,Freitag,3.3350525,76.794075,67.531494,0.7344854,40.343006
2022-12-31,Winter,Samstag,4.7736745,76.55236,54.829903,0.7220761,31.322824
2023-01-01,Winter,Sonntag,6.2297015,78.57488,59.11561,0.91216654,34.885307
2023-01-02,Winter,Montag,6.625254,79.2385,56.51689,0.8833416,79.56324
2023-01-03,Winter,Dienstag,6.599589,78.28954,67.793236,0.8025975,30.102457
2023-01-04,Winter,Mittwoch,5.355879,88.038704,83.32285,0.90844434,28.783615
2023-01-05,Winter,Donnerstag,7.3754425,84.59735,47.45893,0.7614514,20.23609
2023-01-06,Winter,Freitag,8.645764,77.78117,47.42051,0.54592746,29.407846
2023-01-07,Winter,Samstag,8.628837,76.86245,23.222647,0.3422309,15.909703
2023-01-08,Winter,Sonntag,6.091516,82.65244,25.357807,0.6153336,17.644863
2023-01-09,Winter,Montag,3.3818872,83.840935,35.544426,0.69178236,23.054277
2023-01-10,Winter,Dienstag,5.779653,84.27676,39.058186,0.410028,12.943799
2023-01-11,Winter,Mittwoch,7.180472,53.73822,13.748292,0.19711605,8.1655245
2023-01-12,Winter,Donnerstag,2.3306646,68.3318,66.93901,0.52595985,36.975655
2023-01-13,Winter,Freitag,5.2078304,78.79037,73.25041,0.68084353,34.1288
2023-01-14,Winter,Samstag,5.7272744,76.16024,67.628944,0.70434207,39.870533
2023-01-15,Winter,Sonntag,5.623075,69.46017,31.585081,0.43461066,21.299889
2023-01-16,Winter,Montag,5.2885675,73.27232,26.216633,0.35762563,18.633615
2023-01-17,Winter,Dienstag,2.2838404,92.66626,20.34881,0.24298315,6.948921
2023-01-18,Winter,Mittwoch,2.248947,93.52506,18.43178,0.27128968,11.740127
2023-01-19,Winter,Donnerstag,3.3696682,91.16556,28.883644,0.36758626,15.068921
2023-01-20,Winter,Freitag,2.6042063,76.960594,17.915525,0.2836146,11.582269
2023-01-21,Winter,Samstag,1.1436635,64.28696,20.862488,0.3131613,14.722659
2023-01-22,Winter,Sonntag,2.1312015,50.936947,10.756402,0.22116499,6.6888585
2023-01-23,Winter,Montag,1.1493751,81.27236,12.254617,0.33080682,9.53911
2023-01-24,Winter,Dienstag,3.6795647,89.54977,33.07066,0.39079878,15.641957
2023-01-25,Winter,Mittwoch,4.0554643,96.068016,29.276426,0.37905836,12.422619
2023-01-26,Winter,Donnerstag,2.355277,92.5455,19.20328,0.33768365,16.331469
2023-01-27,Winter,Freitag,1.3417301,83.10006,14.2547865,0.27685255,20.584332
2023-01-28,Winter,Samstag,0.13308597,85.06095,15.436368,0.29644188,14.764089
2023-01-29,Winter,Sonntag,-0.5285168,91.294365,14.613012,0.38145983,24.50189
2023-01-30,Winter,Montag,0.34241247,84.07094,12.288179,0.380727,19.91522
2023-01-31,Winter,Dienstag,1.2558938,74.161095,31.403538,0.3453571,19.885925
2023-02-01,Winter,Mittwoch,4.5987473,56.39506,24.5165,0.25871637,13.634051
2023-02-02,Winter,Donnerstag,4.3493137,59.566345,40.475826,0.37198737,23.348833
2023-02-03,Winter,Freitag,4.1697493,81.2103,15.828229,0.21235515,4.5662913
2023-02-04,Winter,Samstag,4.7638903,79.9159,25.08795,0.28132224,14.068954
2023-02-05,Winter,Sonntag,4.6167045,57.64024,7.5997963,0.16684015,4.900001
2023-02-06,Winter,Montag,0.58584005,54.26681,9.17083,0.22250988,9.655718
2023-02-07,Winter,Dienstag,-3.273853,75.12013,23.399908,0.36534587,25.20841
2023-02-08,Winter,Mittwoch,-2.6102917,68.77048,27.785927,0.41960976,31.773994
2023-02-09,Winter,Donnerstag,-2.2508392,67.48181,17.951328,0.32384565,24.7161
2023-02-10,Winter,Freitag,-1.1766173,64.10852,24.729445,0.3569485,26.159485
2023-02-11,Winter,Samstag,-0.4132149,62.771046,38.96266,0.50742054,38.971462
2023-02-12,Winter,Sonntag,1.3770552,63.467022,39.209225,0.57665646,38.603348
2023-02-13,Winter,Montag,5.2449603,62.475636,24.919603,0.39206335,20.813154
2023-02-14,Winter,Dienstag,4.2035556,73.57311,26.016098,0.34414104,20.176893
2023-02-15,Winter,Mittwoch,3.9081247,77.253105,32.534725,0.40925747,30.710411
2023-02-16,Winter,Donnerstag,2.9125483,83.19447,27.48941,0.41014597,39.644825
2023-02-17,Winter,Freitag,4.464213,70.576195,59.836105,0.7067333,49.679184
2023-02-18,Winter,Samstag,8.169572,60.139324,68.37239,0.6927878,46.323822
2023-02-19,Winter,Sonntag,9.490533,68.303505,32.054596,0.43253788,26.62674
2023-02-20,Winter,Montag,9.49459,63.39839,18.833023,0.30348825,19.51865
2023-02-21,Winter,Dienstag,9.936619,63.62343,19.65305,0.29664296,20.027544
2023-02-22,Winter,Mittwoch,11.155904,55.337955,25.46554,0.26117897,21.060806
2023-02-23,Winter,Donnerstag,9.396131,69.04097,17.568666,0.28182998,21.485336
2023-02-24,Winter,Freitag,7.2103715,82.65716,33.759773,0.41103947,40.029263
2023-02-25,Winter,Samstag,9.025107,68.88655,33.560287,0.5397698,44.290623
2023-02-26,Winter,Sonntag,7.4168286,62.376297,8.759846,0.2106015,10.941075
2023-02-27,Winter,Montag,2.6029856,63.24034,6.1360416,0.16321579,7.716207
2023-02-28,Winter,Dienstag,1.6040925,50.186283,9.639567,0.20186985,11.380712
2023-03-01,Winter,Mittwoch,1.9812626,57.779602,10.634343,0.25649652,22.04428
2023-03-02,Winter,Donnerstag,3.4815514,72.528725,18.48713,0.31281468,29.138716
2023-03-03,Winter,Freitag,6.0600986,75.356575,21.31843,0.35679826,26.010582
2023-03-04,Winter,Samstag,7.28101,73.4081,26.701977,0.43728334,34.47018
2023-03-05,Winter,Sonntag,7.186458,59.675125,18.727972,0.31468117,24.972397
2023-03-06,Winter,Montag,5.0530715,63.54732,8.783971,0.23796503,23.588243
2023-03-07,Winter,Dienstag,5.5490823,61.544857,8.82721,0.2260299,21.272219
2023-03-08,Winter,Mittwoch,3.9586754,90.09177,13.783152,0.28336152,27.008627
2023-03-09,Winter,Donnerstag,7.810179,66.98702,21.129103,0.3376397,29.34285
2023-03-10,Winter,Freitag,12.109141,51.422672,19.085148,0.23286831,18.51898
2023-03-11,Winter,Samstag,9.74899,68.70959,20.844336,0.31494594,19.206373
2023-03-12,Winter,Sonntag,8.251309,46.786793,7.6432405,0.18272914,8.094943
2023-03-13,Winter,Montag,5.063845,54.983295,6.882832,0.20828281,10.35436
2023-03-14,Winter,Dienstag,7.7792263,63.143353,30.569744,0.36623862,27.041098
2023-03-15,Winter,Mittwoch,11.439544,64.46639,15.789558,0.23298079,16.942858
2023-03-16,Winter,Donnerstag,7.9803524,45.754547,8.06247,0.1744093,7.978269
2023-03-17,Winter,Freitag,5.624473,50.821598,11.135829,0.22448316,12.239922
2023-03-18,Winter,Samstag,6.104721,50.43191,14.838105,0.26643232,22.18499
2023-03-19,Winter,Sonntag,7.5990944,54.921352,11.541719,0.28994602,24.69294
2023-03-20,Frühling,Montag,10.00788,59.02908,13.05739,0.31986356,28.394518
2023-03-21,Frühling,Dienstag,12.044341,63.02797,22.606056,0.35768485,31.146498
2023-03-22,Frühling,Mittwoch,12.856899,58.5099,18.95313,0.2991544,21.275196
2023-03-23,Frühling,Donnerstag,13.316536,59.613773,18.994074,0.26666427,24.075647
2023-03-24,Frühling,Freitag,14.249893,61.86055,27.864868,0.31631908,34.09357
2023-03-25,Frühling,Samstag,15.465713,64.37959,23.258986,0.2858407,33.451458
2023-03-26,Frühling,Sonntag,10.485194,81.11226,9.008631,0.17115065,7.5470204
2023-03-27,Frühling,Montag,8.351686,78.8023,9.219029,0.18597741,10.172442
2023-03-28,Frühling,Dienstag,7.658809,61.755222,9.189306,0.17512362,9.7919655
2023-03-29,Frühling,Mittwoch,4.9466662,52.566845,6.6545396,0.17276864,7.732214
2023-03-30,Frühling,Donnerstag,5.258606,53.249744,17.47563,0.28851607,18.42753
2023-03-31,Frühling,Freitag,10.026263,67.223305,33.72205,0.40583006,31.687822
2023-04-01,Frühling,Samstag,11.380595,74.674164,12.400066,0.2388152,13.037262
2023-04-02,Frühling,Sonntag,11.703322,63.70801,8.294681,0.1897335,7.953856
2023-04-03,Frühling,Montag,11.322593,60.226727,6.9843206,0.1869696,5.629856
2023-04-04,Frühling,Dienstag,6.559524,47.553726,5.212901,0.15851347,7.2936473
2023-04-05,Frühling,Mittwoch,4.688071,41.338856,5.7262354,0.1603229,9.962075
2023-04-06,Frühling,Donnerstag,3.7002716,49.52783,8.0856695,0.19627205,24.684752
2023-04-07,Frühling,Freitag,6.47312,46.412785,11.207416,0.20331833,16.650873
2023-04-08,Frühling,Samstag,8.106349,49.287083,10.377025,0.22447708,22.911833
2023-04-09,Frühling,Sonntag,5.220492,84.45017,6.6780596,0.25331536,21.017725
2023-04-10,Frühling,Montag,4.915393,89.55526,5.8412533,0.28274935,12.240102
2023-04-11,Frühling,Dienstag,9.01102,63.69821,6.555806,0.24732378,13.743416
2023-04-12,Frühling,Mittwoch,9.3195,63.429714,31.68603,0.3709286,32.715908
2023-04-13,Frühling,Donnerstag,11.4346075,54.57097,12.900106,0.20754309,15.951721
2023-04-14,Frühling,Freitag,8.498781,88.318634,12.816998,0.20417675,11.066749
2023-04-15,Frühling,Samstag,6.200606,87.611595,9.1312,0.21841745,6.266289
2023-04-16,Frühling,Sonntag,7.54511,89.08575,8.95025,0.19979069,7.855404
2023-04-17,Frühling,Montag,8.486228,75.442474,7.312601,0.23569113,9.205612
2023-04-18,Frühling,Dienstag,13.021564,54.67062,8.005883,0.19367483,10.686841
2023-04-19,Frühling,Mittwoch,11.911958,70.71451,11.296682,0.20477778,14.457128
2023-04-20,Frühling,Donnerstag,11.074768,75.96096,9.201756,0.19416383,14.027002
2023-04-21,Frühling,Freitag,10.94978,68.05471,10.664179,0.19174397,12.120857
2023-04-22,Frühling,Samstag,12.003849,73.224815,13.516149,0.20550308,19.477459
2023-04-23,Frühling,Sonntag,14.521675,62.64235,7.6802974,0.19459982,18.412739
2023-04-24,Frühling,Montag,14.916309,69.37866,5.75051,0.17252575,16.083363
2023-04-25,Frühling,Dienstag,11.528361,86.18429,13.363559,0.22798969,11.4729805
2023-04-26,Frühling,Mittwoch,11.5877695,59.6374,9.991152,0.19116212,12.832873
2023-04-27,Frühling,Donnerstag,10.4633,55.267925,9.110928,0.19854394,10.366855
2023-04-28,Frühling,Freitag,11.431258,54.90182,6.8249187,0.1715308,16.571777
2023-04-29,Frühling,Samstag,11.398368,68.698845,13.111098,0.20832461,21.98098
2023-04-30,Frühling,Sonntag,15.580357,65.42356,7.442667,0.18689828,12.128276
2023-05-01,Frühling,Montag,14.203751,65.08142,5.338761,0.14938404,10.929608
2023-05-02,Frühling,Dienstag,13.786742,59.98967,6.0346045,0.15048048,13.493089
2023-05-03,Frühling,Mittwoch,13.321411,78.33502,10.761713,0.24663769,12.413837
2023-05-04,Frühling,Donnerstag,13.921931,72.89485,11.718161,0.2087658,14.834965
2023-05-05,Frühling,Freitag,15.025861,58.56433,8.550391,0.21532702,13.831685
2023-05-06,Frühling,Samstag,17.380678,57.81335,10.5776825,0.17486422,17.391886
2023-05-07,Frühling,Sonntag,17.92225,68.56594,7.6136956,0.16112916,14.8086405
2023-05-08,Frühling,Montag,16.462784,81.520645,4.6417675,0.16071066,10.872445
2023-05-09,Frühling,Dienstag,11.736337,80.541275,6.6804614,0.18954486,18.830402
2023-05-10,Frühling,Mittwoch,12.496434,67.97816,6.121857,0.17061065,14.203344
2023-05-11,Frühling,Donnerstag,13.401147,64.05237,7.4128423,0.16343878,13.536733
2023-05-12,Frühling,Freitag,11.781952,84.72909,7.3033032,0.15232423,11.967998
2023-05-13,Frühling,Samstag,10.975102,87.722534,4.564391,0.13363986,1.1383032
2023-05-14,Frühling,Sonntag,10.770302,90.812225,3.807855,0.15281624,5.220386
2023-05-15,Frühling,Montag,11.082967,93.599365,5.236743,0.17072661,5.400533
2023-05-16,Frühling,Dienstag,15.164604,64.19928,7.648617,0.190301,3.8433409
2023-05-17,Frühling,Mittwoch,11.956323,83.70057,12.798217,0.18999155,7.1197076
2023-05-18,Frühling,Donnerstag,12.422635,59.68269,15.896568,0.17077255,3.8099887
2023-05-19,Frühling,Freitag,13.627926,55.091526,2.9784925,0.12846205,3.4957848
2023-05-20,Frühling,Samstag,14.436443,65.71081,6.326312,0.16368721,13.234589
2023-05-21,Frühling,Sonntag,18.211933,66.63481,5.377311,0.15576811,12.31128
2023-05-22,Frühling,Montag,19.5334,62.47516,5.5791183,0.18430941,14.824028
2023-05-23,Frühling,Dienstag,21.013927,57.60152,8.897449,0.15741906,17.772179
2023-05-24,Frühling,Mittwoch,19.025827,72.940674,13.341806,0.2146621,20.892673
2023-05-25,Frühling,Donnerstag,15.387204,93.222595,10.835774,0.17923647,7.383163
2023-05-26,Frühling,Freitag,19.006365,66.35296,7.66507,0.1602262,9.68225
2023-05-27,Frühling,Samstag,20.80493,52.367126,7.2688117,0.1492996,11.978971
2023-05-28,Frühling,Sonntag,19.220627,49.772312,4.886944,0.14322016,13.3337965
2023-05-29,Frühling,Montag,18.99987,52.382183,5.357283,0.13396016,14.316808
2023-05-30,Frühling,Dienstag,20.150827,53.950546,5.106833,0.21542306,11.977093
2023-05-31,Frühling,Mittwoch,19.948126,49.78783,8.105539,0.18338646,14.844864
2023-06-01,Frühling,Donnerstag,19.208166,57.3275,9.0140085,0.15008391,17.384134
2023-06-02,Frühling,Freitag,21.02105,57.974186,10.130352,0.15743552,19.500017
2023-06-03,Frühling,Samstag,21.12314,59.311222,9.891307,0.21309976,12.394542
2023-06-04,Frühling,Sonntag,17.818697,60.681015,4.523269,0.14329085,12.851619
2023-06-05,Frühling,Montag,17.665247,73.378044,5.218264,0.13653344,10.267129
2023-06-06,Frühling,Dienstag,15.983748,90.66156,6.1039014,0.13949288,5.437364
2023-06-07,Frühling,Mittwoch,17.43849,83.66357,8.576519,0.15568511,5.633875
2023-06-08,Frühling,Donnerstag,18.79217,76.40923,10.970172,0.17568558,10.0466795
2023-06-09,Frühling,Freitag,17.766035,82.00149,6.2671747,0.15432443,6.6503735
2023-06-10,Frühling,Samstag,18.648897,77.31057,9.721679,0.17984167,8.148156
2023-06-11,Frühling,Sonntag,18.724026,81.78207,6.6546493,0.16623773,7.0678334
2023-06-12,Frühling,Montag,18.722284,83.15292,5.2715664,0.15558696,6.3691764
2023-06-13,Frühling,Dienstag,18.89949,67.617645,7.2444034,0.14838088,11.4074545
2023-06-14,Frühling,Mittwoch,17.77233,57.957867,5.619952,0.12913996,11.551656
2023-06-15,Frühling,Donnerstag,16.046965,75.14213,7.6729074,0.14444016,9.255125
2023-06-16,Frühling,Freitag,18.219427,64.17203,9.587078,0.14904363,12.439774
2023-06-17,Frühling,Samstag,19.492731,54.311863,11.001541,0.18099594,12.802394
2023-06-18,Frühling,Sonntag,20.030306,53.022663,8.779872,0.16804096,9.9773
2023-06-19,Frühling,Montag,22.637749,50.944885,6.241182,0.19916569,11.980839
2023-06-20,Frühling,Dienstag,24.467619,56.857662,10.349948,0.20298696,21.212856
2023-06-21,Sommer,Mittwoch,25.750223,60.755188,9.113028,0.17436196,22.25014
2023-06-22,Sommer,Donnerstag,26.606071,65.35052,10.441478,0.1958418,25.13961
2023-06-23,Sommer,Freitag,26.487665,65.85292,8.1705675,0.23788072,26.70196
2023-06-24,Sommer,Samstag,22.516058,74.88919,8.833299,0.18123189,22.084265
2023-06-25,Sommer,Sonntag,19.903967,62.287308,7.795922,0.16004914,5.2037435
2023-06-26,Sommer,Montag,22.066109,54.357025,5.3314967,0.18731001,11.187224
2023-06-27,Sommer,Dienstag,24.002523,55.886105,8.651074,0.17236383,14.211651
2023-06-28,Sommer,Mittwoch,20.128954,77.733665,10.49322,0.19654994,13.53967
2023-06-29,Sommer,Donnerstag,19.649313,58.39613,6.689503,0.14538702,7.3741593
2023-06-30,Sommer,Freitag,21.113836,52.93999,9.154822,0.17214085,11.776981
2023-07-01,Sommer,Samstag,23.344162,58.511917,8.801544,0.16763404,13.526193
